"","date","team","start_pitcher","X1","X2","X3","X4","X5","X6","X7","X8","X9"
"away",2015-03-28,"한화","탈보트","이용규","권용관","김경언","김태균","김회성","모건","정범모","송주호","강경학"
"home",2015-03-28,"넥센","밴헤켄","서건창","이택근","유한준","박병호","김민성","스나이더","이성열","김하성","김재현"
"away1",2015-03-28,"kt","어윈","김동명","이대형","박경수","마르테","김상현","신명철","김사연","박기혁","용덕한"
"home1",2015-03-28,"롯데","레일리","아두치","황재균","손아섭","최준석","박종윤","강민호","김대우","정훈","문규현"
"away2",2015-03-28,"LG","소사","오지환","정성훈","박용택","최승준","정의윤","이병규","채은성","최경철","손주인"
"home2",2015-03-28,"KIA","양현종","김주찬","강한울","필","나지완","최희섭","이범호","김원섭","최용규","이성우"
"away3",2015-03-28,"NC","찰리","박민우","이종욱","나성범","테임즈","모창민","이호준","손시헌","김태군","김종호"
"home3",2015-03-28,"두산","마야","민병헌","정수빈","김현수","루츠","홍성흔","오재원","양의지","김재환","김재호"
"away4",2015-03-28,"SK","밴와트","이명기","박계현","이재원","박정권","브라운","임훈","나주환","정상호","김성현"
"home4",2015-03-28,"삼성","피가로","나바로","박한이","박석민","최형우","이승엽","구자욱","박해민","이지영","김상수"
"away5",2015-03-29,"한화","송은범","김경언","이용규","모건","김태균","김회성","정범모","고동진","강경학","권용관"
"home5",2015-03-29,"넥센","한현희","서건창","이택근","유한준","박병호","김민성","스나이더","이성열","김하성","김재현"
"away6",2015-03-29,"kt","시스코","이대형","조중근","박경수","마르테","김상현","장성호","김사연","박기혁","용덕한"
"home6",2015-03-29,"롯데","송승준","아두치","황재균","손아섭","최준석","정훈","강민호","김민하","오승택","문규현"
"away7",2015-03-29,"LG","임지섭","오지환","정성훈","박용택","최승준","이병규","정의윤","김용의","최경철","손주인"
"home7",2015-03-29,"KIA","험버","김원섭","최용규","필","나지완","최희섭","이범호","김다원","강한울","이성우"
"away8",2015-03-29,"NC","손민한","박민우","이종욱","나성범","테임즈","모창민","이호준","손시헌","김태군","김종호"
"home8",2015-03-29,"두산","장원준","민병헌","정수빈","김현수","루츠","홍성흔","오재원","양의지","김재환","김재호"
"away9",2015-03-29,"SK","윤희상","이명기","조동화","이재원","박정권","브라운","김성현","나주환","정상호","박계현"
"home9",2015-03-29,"삼성","차우찬","나바로","박한이","박석민","최형우","이승엽","구자욱","박해민","이흥련","김상수"
"away10",2015-03-31,"롯데","린드블럼","아두치","황재균","손아섭","최준석","김대우","정훈","하준호","장성우","문규현"
"home10",2015-03-31,"LG","루카스","오지환","정성훈","박용택","이병규","최승준","이병규","김용의","최경철","손주인"
"away11",2015-03-31,"삼성","백정현","나바로","박한이","박석민","최형우","이승엽","구자욱","박해민","이지영","김상수"
"home11",2015-03-31,"kt","옥스프링","김동명","신명철","마르테","김상현","박경수","김사연","박기혁","용덕한","이대형"
"away12",2015-04-01,"KIA","스틴슨","김원섭","최용규","필","나지완","최희섭","이범호","김다원","강한울","이성우"
"home12",2015-04-01,"SK","김광현","이명기","박계현","최정","박정권","브라운","이재원","조동화","정상호","김성현"
"away13",2015-04-01,"롯데","이상화","아두치","황재균","손아섭","최준석","김대우","강민호","정훈","하준호","문규현"
"home13",2015-04-01,"LG","임정우","오지환","정성훈","이병규","이병규","최승준","정의윤","김용의","최경철","손주인"
"away14",2015-04-01,"두산","유희관","민병헌","정수빈","김현수","루츠","홍성흔","오재원","양의지","김재환","김재호"
"home14",2015-04-01,"한화","유먼","송광민","이용규","김경언","김태균","모건","김회성","정범모","권용관","강경학"
"away15",2015-04-01,"삼성","윤성환","나바로","박한이","박석민","최형우","이승엽","구자욱","박해민","이지영","김상수"
"home15",2015-04-01,"kt","박세웅","김동명","이대형","마르테","김상현","박경수","조중근","김사연","박기혁","안중열"
"away16",2015-04-01,"넥센","피어밴드","서건창","이택근","유한준","박병호","김민성","스나이더","이성열","김하성","김재현"
"home16",2015-04-01,"NC","해커","김종호","이종욱","나성범","테임즈","모창민","이호준","손시헌","김태군","지석훈"
"away17",2015-04-02,"두산","진야곱","정진호","정수빈","김현수","루츠","홍성흔","오재원","양의지","김재환","김재호"
"home17",2015-04-02,"한화","탈보트","송광민","이용규","김경언","김태균","모건","최진행","정범모","권용관","강경학"
"away18",2015-04-03,"한화","송은범","이용규","김경언","모건","김태균","송광민","정범모","김회성","권용관","강경학"
"home18",2015-04-03,"NC","찰리","김종호","이종욱","나성범","테임즈","모창민","이호준","손시헌","김태군","지석훈"
"away19",2015-04-03,"KIA","양현종","김원섭","최용규","필","나지완","최희섭","이범호","김다원","이성우","강한울"
"home19",2015-04-03,"kt","어윈","김동명","이대형","마르테","김상현","박경수","신명철","김사연","용덕한","박기혁"
"away20",2015-04-03,"두산","마야","민병헌","정수빈","김현수","루츠","홍성흔","오재원","양의지","김재환","김재호"
"home20",2015-04-03,"롯데","레일리","황재균","하준호","손아섭","최준석","김대우","정훈","강민호","김민하","문규현"
"away21",2015-04-03,"SK","밴와트","이명기","임훈","최정","브라운","박정권","이재원","나주환","정상호","박진만"
"home21",2015-04-03,"넥센","밴헤켄","서건창","이택근","유한준","박병호","김민성","스나이더","문우람","김하성","유선정"
"away22",2015-04-03,"삼성","클로이드","나바로","박한이","박석민","최형우","이승엽","구자욱","박해민","이지영","김상수"
"home22",2015-04-03,"LG","소사","오지환","정성훈","이진영","이병규","최승준","채은성","김용의","최경철","손주인"
"away23",2015-04-04,"KIA","험버","김원섭","최용규","필","나지완","최희섭","이범호","김다원","이성우","강한울"
"home23",2015-04-04,"kt","시스코","이대형","김민혁","마르테","김상현","박경수","조중근","김사연","안중열","심우준"
"away24",2015-04-04,"SK","윤희상","이명기","조동화","최정","브라운","박정권","이재원","임훈","박계현","박진만"
"home24",2015-04-04,"넥센","한현희","서건창","이택근","유한준","박병호","김민성","스나이더","문우람","김하성","유선정"
"away25",2015-04-04,"삼성","피가로","나바로","박한이","박석민","최형우","이승엽","구자욱","박해민","이지영","김상수"
"home25",2015-04-04,"LG","임지섭","오지환","정성훈","이진영","이병규","채은성","김용의","양석환","유강남","손주인"
"away26",2015-04-05,"한화","유창식","이용규","송광민","김경언","김태균","모건","김회성","정범모","권용관","강경학"
"home26",2015-04-05,"NC","손민한","박민우","이종욱","나성범","테임즈","모창민","이호준","손시헌","김태군","김종호"
"away27",2015-04-05,"KIA","문경찬","김원섭","최용규","최희섭","나지완","이범호","김다원","이종환","강한울","이홍구"
"home27",2015-04-05,"kt","옥스프링","이대형","김민혁","김태훈","마르테","김상현","박경수","조중근","용덕한","박기혁"
"away28",2015-04-05,"두산","장원준","정진호","정수빈","김현수","루츠","홍성흔","오재원","양의지","김재환","김재호"
"home28",2015-04-05,"롯데","송승준","황재균","김민하","손아섭","최준석","김대우","정훈","강민호","임재철","문규현"
"away29",2015-04-05,"삼성","차우찬","나바로","박한이","박석민","최형우","이승엽","구자욱","박해민","진갑용","김상수"
"home29",2015-04-05,"LG","루카스","오지환","손주인","정성훈","이병규","채은성","최승준","양석환","최경철","김용의"
"away30",2015-04-05,"SK","백인식","이명기","조동화","최정","브라운","박정권","이재원","임훈","박계현","박진만"
"home30",2015-04-05,"넥센","문성현","서건창","김하성","유한준","박병호","이택근","문우람","스나이더","윤석민","유선정"
"away31",2015-04-07,"kt","박세웅","이대형","김사연","박경수","마르테","김상현","김동명","박기혁","용덕한","배병옥"
"home31",2015-04-07,"SK","김광현","이명기","조동화","최정","브라운","박정권","이재원","임훈","박계현","김성현"
"away32",2015-04-07,"LG","임정우","오지환","정성훈","이진영","이병규","최승준","정의윤","김용의","최경철","손주인"
"home32",2015-04-07,"한화","탈보트","김경언","이용규","김태균","최진행","송광민","권용관","김회성","정범모","강경학"
"away33",2015-04-07,"롯데","린드블럼","황재균","김민하","손아섭","최준석","김대우","정훈","강민호","임재철","문규현"
"home33",2015-04-07,"삼성","장원삼","나바로","박한이","박석민","최형우","이승엽","구자욱","박해민","진갑용","김상수"
"away34",2015-04-07,"NC","해커","박민우","이종욱","나성범","테임즈","모창민","이호준","손시헌","김태군","김종호"
"home34",2015-04-07,"KIA","스틴슨","김원섭","최용규","필","나지완","최희섭","이범호","김다원","강한울","이성우"
"away35",2015-04-07,"넥센","피어밴드","서건창","이택근","유한준","박병호","윤석민","박헌도","스나이더","김하성","유선정"
"home35",2015-04-07,"두산","유희관","정진호","정수빈","김현수","홍성흔","오재원","양의지","김진형","김재환","김재호"
"away36",2015-04-08,"kt","정대현","이대형","김민혁","박경수","마르테","김상현","김태훈","김사연","용덕한","박기혁"
"home36",2015-04-08,"SK","켈리","이명기","조동화","최정","브라운","박정권","이재원","나주환","정상호","김성현"
"away37",2015-04-08,"LG","소사","오지환","정성훈","이진영","이병규","최승준","채은성","문선재","최경철","손주인"
"home37",2015-04-08,"한화","유먼","이용규","김경언","김태균","최진행","송광민","이시찬","모건","정범모","권용관"
"away38",2015-04-08,"롯데","이상화","황재균","하준호","손아섭","최준석","김대우","강민호","정훈","김민하","문규현"
"home38",2015-04-08,"삼성","윤성환","나바로","박한이","박석민","최형우","이승엽","구자욱","박해민","이지영","김상수"
"away39",2015-04-08,"NC","이재학","박민우","이종욱","나성범","테임즈","이호준","모창민","김종호","김태군","손시헌"
"home39",2015-04-08,"KIA","임기준","김원섭","최용규","필","나지완","최희섭","이범호","김다원","강한울","이홍구"
"away40",2015-04-08,"넥센","김대우","서건창","이택근","유한준","박병호","윤석민","박헌도","서동욱","김하성","김재현"
"home40",2015-04-08,"두산","진야곱","정진호","정수빈","김현수","홍성흔","오재원","양의지","김재환","최주환","김재호"
"away41",2015-04-09,"kt","어윈","이대형","김민혁","박경수","마르테","김태훈","김상현","신명철","용덕한","심우준"
"home41",2015-04-09,"SK","밴와트","이명기","박재상","최정","브라운","박정권","이재원","나주환","정상호","김성현"
"away42",2015-04-09,"LG","장진용","오지환","문선재","정성훈","이병규","이진영","채은성","양석환","유강남","손주인"
"home42",2015-04-09,"한화","유창식","김경언","이용규","최진행","김태균","모건","이시찬","송광민","정범모","권용관"
"away43",2015-04-09,"롯데","레일리","황재균","하준호","손아섭","최준석","강민호","정훈","김민하","오승택","문규현"
"home43",2015-04-09,"삼성","클로이드","나바로","박한이","박석민","최형우","이승엽","강봉규","박해민","이지영","김상수"
"away44",2015-04-09,"NC","찰리","박민우","김성욱","나성범","테임즈","이호준","모창민","지석훈","김태군","김종호"
"home44",2015-04-09,"KIA","양현종","최용규","필","나지완","최희섭","이범호","김다원","이호신","강한울","이성우"
"away45",2015-04-09,"넥센","밴헤켄","서건창","이택근","유한준","박병호","윤석민","박헌도","문우람","김하성","유선정"
"home45",2015-04-09,"두산","마야","정진호","정수빈","민병헌","홍성흔","오재원","양의지","고영민","최주환","김재호"
"away46",2015-04-10,"한화","배영수","모건","이용규","최진행","김태균","이성열","이시찬","송광민","정범모","강경학"
"home46",2015-04-10,"롯데","심수창","황재균","하준호","손아섭","최준석","강민호","정훈","김민하","김대우","오승택"
"away47",2015-04-10,"KIA","험버","김주찬","최용규","필","나지완","최희섭","이범호","김다원","강한울","이성우"
"home47",2015-04-10,"삼성","피가로","나바로","박한이","채태인","최형우","박석민","이승엽","박해민","이지영","김상수"
"away48",2015-04-10,"kt","시스코","이대형","김민혁","박경수","마르테","김상현","김태훈","조중근","안중열","심우준"
"home48",2015-04-10,"넥센","한현희","이택근","김지수","유한준","박병호","윤석민","박헌도","서동욱","김하성","박동원"
"away49",2015-04-10,"두산","니퍼트","정진호","정수빈","김현수","홍성흔","오재원","양의지","고영민","최주환","김재호"
"home49",2015-04-10,"LG","임지섭","오지환","김용의","정성훈","이병규","이진영","정의윤","양석환","유강남","박지규"
"away50",2015-04-10,"SK","윤희상","박재상","박계현","최정","브라운","박정권","이재원","임훈","정상호","김성현"
"home50",2015-04-10,"NC","이태양","박민우","김종호","나성범","테임즈","이호준","모창민","김성욱","김태군","손시헌"
"away51",2015-04-11,"한화","안영명","이용규","이시찬","최진행","김태균","김경언","이성열","정범모","주현상","강경학"
"home51",2015-04-11,"롯데","송승준","황재균","김문호","손아섭","최준석","정훈","장성우","김민하","오승택","문규현"
"away52",2015-04-11,"KIA","문경찬","김주찬","최용규","필","나지완","이범호","김다원","박기남","이홍구","강한울"
"home52",2015-04-11,"삼성","차우찬","나바로","박한이","박석민","최형우","이승엽","구자욱","박해민","진갑용","김상수"
"away53",2015-04-11,"kt","옥스프링","이대형","신명철","박경수","마르테","김동명","김상현","김사연","용덕한","박기혁"
"home53",2015-04-11,"넥센","문성현","김하성","임병욱","유한준","박병호","이택근","윤석민","스나이더","서동욱","박동원"
"away54",2015-04-11,"두산","장원준","정수빈","최주환","김현수","홍성흔","오재원","양의지","김재환","국해성","김재호"
"home54",2015-04-11,"LG","루카스","오지환","정성훈","박용택","이병규","이진영","양석환","김용의","최경철","박지규"
"away55",2015-04-11,"SK","백인식","박재상","박계현","최정","브라운","박정권","이재원","임훈","정상호","김성현"
"home55",2015-04-11,"NC","손민한","박민우","김종호","나성범","테임즈","이호준","이종욱","모창민","김태군","손시헌"
"away56",2015-04-12,"KIA","스틴슨","김주찬","박기남","필","나지완","이범호","김다원","최용규","이성우","강한울"
"home56",2015-04-12,"삼성","장원삼","박한이","박해민","박석민","최형우","이승엽","구자욱","백상원","진갑용","김상수"
"away57",2015-04-12,"kt","박세웅","이대형","신명철","박경수","마르테","김동명","김사연","배병옥","용덕한","박기혁"
"home57",2015-04-12,"넥센","피어밴드","이택근","서동욱","유한준","박병호","박헌도","윤석민","스나이더","김하성","박동원"
"away58",2015-04-12,"두산","유희관","정수빈","최주환","김현수","홍성흔","오재원","김재환","국해성","최재훈","김재호"
"home58",2015-04-12,"LG","임정우","오지환","정성훈","박용택","이병규","이진영","양석환","김용의","최경철","박지규"
"away59",2015-04-12,"SK","김광현","이명기","박재상","최정","브라운","박정권","이재원","나주환","정상호","김성현"
"home59",2015-04-12,"NC","해커","박민우","김종호","나성범","테임즈","이호준","이종욱","모창민","김태군","손시헌"
"away60",2015-04-12,"한화","탈보트","이용규","이시찬","김경언","김태균","최진행","이성열","정범모","주현상","강경학"
"home60",2015-04-12,"롯데","린드블럼","황재균","김문호","손아섭","최준석","강민호","정훈","김대우","김민하","오승택"
"away61",2015-04-14,"NC","이재학","박민우","김성욱","나성범","테임즈","이호준","이종욱","모창민","김태군","손시헌"
"home61",2015-04-14,"롯데","레일리","아두치","황재균","손아섭","최준석","강민호","김대우","정훈","김문호","오승택"
"away62",2015-04-14,"두산","진야곱","민병헌","정수빈","김현수","홍성흔","양의지","고영민","최주환","김진형","김재호"
"home62",2015-04-14,"kt","정대현","이대형","김사연","박경수","마르테","김동명","김상현","신명철","용덕한","박기혁"
"away63",2015-04-14,"삼성","윤성환","나바로","박한이","박석민","최형우","이승엽","구자욱","박해민","이지영","김상수"
"home63",2015-04-14,"한화","유먼","이용규","이시찬","김경언","김태균","최진행","이성열","정범모","주현상","권용관"
"away64",2015-04-15,"KIA","양현종","김주찬","강한울","필","나지완","최희섭","이범호","김다원","이성우","최용규"
"home64",2015-04-15,"LG","소사","오지환","정성훈","박용택","이병규","이진영","정의윤","양석환","최경철","손주인"
"away65",2015-04-15,"NC","찰리","박민우","김성욱","나성범","테임즈","이호준","이종욱","모창민","김태군","손시헌"
"home65",2015-04-15,"롯데","이상화","아두치","손아섭","황재균","최준석","김대우","정훈","김문호","장성우","오승택"
"away66",2015-04-15,"두산","이현호","민병헌","정수빈","김현수","홍성흔","양의지","오재일","김진형","최주환","김재호"
"home66",2015-04-15,"kt","시스코","이대형","박경수","김동명","마르테","김상현","신명철","배병옥","안중열","박기혁"
"away67",2015-04-15,"삼성","클로이드","박해민","박한이","나바로","최형우","박석민","이승엽","구자욱","이지영","김상수"
"home67",2015-04-15,"한화","유창식","이용규","이시찬","김경언","김태균","최진행","이성열","정범모","송광민","권용관"
"away68",2015-04-15,"넥센","밴헤켄","김하성","서동욱","문우람","박병호","유한준","박헌도","윤석민","스나이더","박동원"
"home68",2015-04-15,"SK","켈리","이명기","박재상","최정","브라운","박정권","이재원","나주환","정상호","김성현"
"away69",2015-04-16,"KIA","임기준","김주찬","김다원","필","나지완","최희섭","이범호","최용규","강한울","이성우"
"home69",2015-04-16,"LG","임지섭","오지환","정성훈","박용택","이병규","이진영","정의윤","김용의","유강남","손주인"
"away70",2015-04-16,"NC","이태양","박민우","김종호","나성범","테임즈","이호준","이종욱","모창민","김태군","손시헌"
"home70",2015-04-16,"롯데","심수창","아두치","손아섭","황재균","최준석","김대우","정훈","김문호","장성우","오승택"
"away71",2015-04-16,"넥센","한현희","고종욱","김하성","문우람","박병호","유한준","박헌도","윤석민","서동욱","김재현"
"home71",2015-04-16,"SK","밴와트","이명기","박재상","최정","브라운","박정권","이재원","나주환","정상호","김성현"
"away72",2015-04-17,"kt","옥스프링","김진곤","김민혁","이대형","마르테","김상현","박경수","신명철","용덕한","박기혁"
"home72",2015-04-17,"삼성","피가로","박해민","박한이","나바로","최형우","박석민","이승엽","구자욱","이지영","김상수"
"away73",2015-04-17,"LG","루카스","오지환","김용의","박용택","이병규","이진영","정의윤","양석환","최경철","박지규"
"home73",2015-04-17,"SK","윤희상","이명기","박재상","최정","브라운","박정권","이재원","나주환","정상호","김성현"
"away74",2015-04-17,"롯데","송승준","아두치","손아섭","황재균","최준석","김대우","정훈","강민호","김문호","문규현"
"home74",2015-04-17,"두산","니퍼트","민병헌","정수빈","김현수","홍성흔","오재원","양의지","오재일","최주환","김재호"
"away75",2015-04-17,"NC","손민한","박민우","김종호","나성범","테임즈","이호준","이종욱","모창민","김태군","손시헌"
"home75",2015-04-17,"한화","안영명","이용규","이시찬","김경언","김태균","이성열","박노민","정범모","김회성","권용관"
"away76",2015-04-17,"넥센","문성현","고종욱","김지수","문우람","박병호","유한준","박헌도","윤석민","김하성","박동원"
"home76",2015-04-17,"KIA","험버","김주찬","강한울","필","나지완","최희섭","이범호","김다원","이성우","최용규"
"away77",2015-04-18,"kt","박세웅","이대형","박경수","마르테","김상현","김동명","배병옥","송민섭","안중열","박기혁"
"home77",2015-04-18,"삼성","장원삼","박해민","박한이","나바로","최형우","박석민","이승엽","구자욱","진갑용","김상수"
"away78",2015-04-18,"LG","임정우","오지환","정성훈","박용택","이병규","이진영","양석환","문선재","최경철","손주인"
"home78",2015-04-18,"SK","김광현","조동화","박재상","최정","브라운","박정권","이재원","박계현","정상호","김성현"
"away79",2015-04-18,"롯데","린드블럼","아두치","손아섭","황재균","최준석","강민호","정훈","장성우","김민하","문규현"
"home79",2015-04-18,"두산","장원준","민병헌","정수빈","김현수","양의지","오재원","오재일","최주환","허경민","정진호"
"away80",2015-04-18,"NC","해커","박민우","김종호","나성범","테임즈","이호준","김성욱","지석훈","김태군","손시헌"
"home80",2015-04-18,"한화","탈보트","이용규","강경학","김경언","김태균","이성열","김회성","최진행","정범모","권용관"
"away81",2015-04-18,"넥센","피어밴드","고종욱","김지수","강지광","박병호","유한준","박헌도","윤석민","김하성","박동원"
"home81",2015-04-18,"KIA","스틴슨","최용규","김다원","김주찬","필","나지완","최희섭","이범호","이성우","강한울"
"away82",2015-04-19,"넥센","송신영","고종욱","김지수","문우람","박병호","유한준","박헌도","윤석민","김하성","박동원"
"home82",2015-04-19,"KIA","문경찬","최용규","김다원","필","나지완","최희섭","이범호","이홍구","이호신","최병연"
"away83",2015-04-21,"한화","유먼","이용규","강경학","김경언","김태균","이성열","김회성","최진행","정범모","권용관"
"home83",2015-04-21,"LG","소사","오지환","정성훈","박용택","이병규","이진영","양석환","정의윤","최경철","손주인"
"away84",2015-04-21,"롯데","레일리","아두치","손아섭","황재균","최준석","강민호","정훈","장성우","김민하","문규현"
"home84",2015-04-21,"KIA","양현종","김주찬","최용규","필","나지완","최희섭","이범호","김다원","차일목","강한울"
"away85",2015-04-21,"두산","마야","민병헌","정수빈","김현수","홍성흔","오재원","루츠","양의지","최주환","김재호"
"home85",2015-04-21,"넥센","밴헤켄","고종욱","김지수","김민성","박병호","유한준","박헌도","윤석민","김하성","박동원"
"away86",2015-04-21,"SK","켈리","조동화","박재상","최정","브라운","박정권","이재원","박계현","정상호","김성현"
"home86",2015-04-21,"kt","시스코","이대형","김민혁","마르테","김상현","윤요섭","박경수","박용근","안중열","김진곤"
"away87",2015-04-21,"삼성","윤성환","박해민","우동균","나바로","최형우","박석민","이승엽","구자욱","이지영","김상수"
"home87",2015-04-21,"NC","찰리","박민우","김종호","나성범","테임즈","이호준","이종욱","지석훈","김태군","손시헌"
"away88",2015-04-22,"한화","유창식","이용규","정근우","최진행","김태균","김경언","김회성","권용관","정범모","송주호"
"home88",2015-04-22,"LG","임지섭","오지환","정성훈","박용택","이병규","이진영","양석환","정의윤","유강남","손주인"
"away89",2015-04-22,"롯데","이상화","아두치","손아섭","황재균","최준석","김대우","강민호","정훈","김문호","오승택"
"home89",2015-04-22,"KIA","험버","이호신","강한울","필","나지완","최희섭","이범호","김다원","이성우","최용규"
"away90",2015-04-22,"두산","유희관","정수빈","최주환","김현수","홍성흔","오재원","루츠","양의지","정진호","김재호"
"home90",2015-04-22,"넥센","한현희","고종욱","김지수","문우람","박병호","김민성","윤석민","박헌도","김하성","박동원"
"away91",2015-04-22,"SK","백인식","조동화","김성현","최정","브라운","박정권","이재원","박재상","정상호","박계현"
"home91",2015-04-22,"kt","정대현","이대형","김민혁","마르테","김상현","박경수","신명철","윤요섭","용덕한","박용근"
"away92",2015-04-22,"삼성","차우찬","박해민","우동균","나바로","최형우","박석민","이승엽","구자욱","진갑용","김상수"
"home92",2015-04-22,"NC","노성호","박민우","김종호","나성범","테임즈","이호준","모창민","이종욱","손시헌","김태군"
"away93",2015-04-23,"한화","배영수","이용규","정근우","김경언","김태균","최진행","김회성","정범모","권용관","송주호"
"home93",2015-04-23,"LG","루카스","오지환","정성훈","박용택","이병규","이진영","이병규","김용의","최경철","박지규"
"away94",2015-04-23,"롯데","심수창","아두치","손아섭","황재균","최준석","김대우","강민호","정훈","김문호","오승택"
"home94",2015-04-23,"KIA","스틴슨","김호령","강한울","필","나지완","이범호","김다원","최용규","차일목","이호신"
"away95",2015-04-23,"두산","니퍼트","민병헌","정수빈","김현수","홍성흔","오재원","양의지","유민상","최주환","김재호"
"home95",2015-04-23,"넥센","문성현","고종욱","김지수","문우람","박병호","김민성","윤석민","박헌도","김하성","박동원"
"away96",2015-04-23,"SK","윤희상","이명기","조동화","최정","브라운","박정권","이재원","임훈","박계현","김성현"
"home96",2015-04-23,"kt","옥스프링","이대형","김민혁","마르테","김상현","박경수","신명철","박용근","용덕한","박기혁"
"away97",2015-04-23,"삼성","클로이드","박해민","우동균","나바로","최형우","박석민","이승엽","구자욱","이지영","김상수"
"home97",2015-04-23,"NC","손민한","박민우","김종호","나성범","테임즈","이호준","모창민","이종욱","김태군","손시헌"
"away98",2015-04-24,"KIA","문경찬","김호령","최용규","필","나지완","이범호","김다원","박기남","차일목","강한울"
"home98",2015-04-24,"두산","장원준","민병헌","정수빈","김현수","홍성흔","오재원","양의지","김재환","최주환","김재호"
"away99",2015-04-24,"LG","임정우","오지환","정성훈","박용택","이병규","이진영","이병규","김용의","최경철","박지규"
"home99",2015-04-24,"NC","해커","박민우","김종호","나성범","테임즈","이호준","이종욱","지석훈","손시헌","김태군"
"away100",2015-04-24,"SK","채병용","이명기","김성현","최정","브라운","박정권","이재원","임훈","정상호","박계현"
"home100",2015-04-24,"한화","안영명","이용규","정근우","김경언","김태균","최진행","김회성","권용관","정범모","송주호"
"away101",2015-04-24,"삼성","피가로","박해민","우동균","나바로","최형우","박석민","이승엽","구자욱","이지영","김상수"
"home101",2015-04-24,"롯데","린드블럼","아두치","손아섭","황재균","최준석","김대우","장성우","정훈","김문호","문규현"
"away102",2015-04-24,"넥센","피어밴드","고종욱","서동욱","문우람","박병호","김민성","윤석민","박헌도","김하성","박동원"
"home102",2015-04-24,"kt","박세웅","이대형","박용근","박경수","김상현","신명철","윤요섭","송민섭","용덕한","심우준"
"away103",2015-04-25,"KIA","서재응","김호령","강한울","필","나지완","이범호","김다원","박기남","차일목","이호신"
"home103",2015-04-25,"두산","진야곱","민병헌","정수빈","김현수","홍성흔","오재원","양의지","김재환","최주환","김재호"
"away104",2015-04-25,"LG","장진용","오지환","김용의","박용택","이병규","이진영","이병규","양석환","최경철","박지규"
"home104",2015-04-25,"NC","이재학","박민우","김종호","나성범","테임즈","조영훈","이종욱","손시헌","지석훈","김태군"
"away105",2015-04-25,"SK","김광현","이명기","김성현","박정권","이재원","브라운","정상호","박재상","박진만","박계현"
"home105",2015-04-25,"한화","송창식","이용규","정근우","최진행","김태균","김경언","김회성","정범모","권용관","송주호"
"away106",2015-04-25,"삼성","장원삼","박해민","이영욱","나바로","최형우","박석민","이승엽","구자욱","진갑용","김상수"
"home106",2015-04-25,"롯데","송승준","아두치","손아섭","황재균","최준석","강민호","장성우","정훈","김민하","문규현"
"away107",2015-04-25,"넥센","송신영","고종욱","서동욱","문우람","박병호","김민성","윤석민","스나이더","김하성","박동원"
"home107",2015-04-25,"kt","어윈","이대형","김민혁","박경수","김상현","신명철","송민섭","박용근","용덕한","심우준"
"away108",2015-04-26,"KIA","홍건희","이호신","강한울","필","나지완","이범호","김다원","박기남","이성우","최용규"
"home108",2015-04-26,"두산","마야","민병헌","정수빈","김현수","홍성흔","오재원","김재환","최주환","최재훈","김재호"
"away109",2015-04-26,"SK","켈리","이명기","김성현","박정권","이재원","브라운","정상호","박재상","박진만","박계현"
"home109",2015-04-26,"한화","유먼","이용규","정근우","김경언","김태균","최진행","김회성","정범모","권용관","송주호"
"away110",2015-04-26,"삼성","윤성환","김상수","박해민","나바로","최형우","박석민","이승엽","김정혁","이지영","우동균"
"home110",2015-04-26,"롯데","레일리","아두치","손아섭","황재균","최준석","강민호","장성우","김문호","강동수","문규현"
"away111",2015-04-26,"넥센","밴헤켄","고종욱","서동욱","문우람","박병호","김민성","윤석민","스나이더","김하성","김재현"
"home111",2015-04-26,"kt","엄상백","이대형","송민섭","신명철","김상현","박경수","윤요섭","박용근","심우준","용덕한"
"away112",2015-04-26,"LG","소사","오지환","김용의","박용택","이병규","이진영","이병규","양석환","최경철","박지규"
"home112",2015-04-26,"NC","찰리","박민우","김종호","나성범","테임즈","이호준","이종욱","손시헌","지석훈","김태군"
"away113",2015-04-28,"kt","정대현","이대형","박용근","박경수","김상현","윤요섭","송민섭","신명철","심우준","용덕한"
"home113",2015-04-28,"두산","유희관","정수빈","최주환","민병헌","홍성흔","오재원","양의지","김재환","박건우","김재호"
"away114",2015-04-28,"LG","임지섭","오지환","손주인","박용택","이병규","이진영","정의윤","양석환","유강남","문선재"
"home114",2015-04-28,"삼성","차우찬","김상수","우동균","나바로","최형우","박석민","이승엽","진갑용","김정혁","박해민"
"away115",2015-04-28,"롯데","이상화","아두치","손아섭","황재균","최준석","강민호","김대우","정훈","김문호","문규현"
"home115",2015-04-28,"넥센","한현희","고종욱","서동욱","문우람","박병호","유한준","김민성","윤석민","김하성","박동원"
"away116",2015-04-28,"NC","이태양","박민우","김종호","나성범","테임즈","이호준","이종욱","지석훈","손시헌","김태군"
"home116",2015-04-28,"SK","백인식","이명기","박재상","브라운","이재원","박정권","정상호","박진만","박계현","김성현"
"away117",2015-04-29,"한화","탈보트","이용규","정근우","김경언","김태균","최진행","김회성","정범모","송광민","권용관"
"home117",2015-04-29,"KIA","험버","강한울","최용규","필","나지완","최희섭","이범호","김다원","이성우","이호신"
"away118",2015-04-29,"LG","루카스","오지환","김용의","박용택","이병규","정의윤","이병규","양석환","최경철","손주인"
"home118",2015-04-29,"삼성","클로이드","김상수","우동균","나바로","최형우","박석민","이승엽","구자욱","이지영","박해민"
"away119",2015-04-30,"한화","안영명","이용규","정근우","최진행","김태균","김경언","김회성","정범모","권용관","송주호"
"home119",2015-04-30,"KIA","양현종","강한울","박기남","필","최희섭","이범호","김다원","김호령","차일목","이호신"
"away120",2015-04-30,"kt","옥스프링","이대형","김민혁","박경수","김상현","윤요섭","송민섭","박용근","용덕한","심우준"
"home120",2015-04-30,"두산","니퍼트","민병헌","정수빈","김현수","홍성흔","오재원","양의지","김재환","최주환","김재호"
"away121",2015-04-30,"LG","임정우","오지환","김용의","박용택","이병규","정성훈","정의윤","양석환","최경철","손주인"
"home121",2015-04-30,"삼성","피가로","김상수","우동균","나바로","최형우","박석민","이승엽","구자욱","이지영","박해민"
"away122",2015-04-30,"롯데","린드블럼","아두치","손아섭","황재균","최준석","강민호","장성우","정훈","김민하","문규현"
"home122",2015-04-30,"넥센","피어밴드","고종욱","서동욱","이택근","박병호","유한준","김민성","윤석민","김하성","박동원"
"away123",2015-04-30,"NC","노성호","박민우","김종호","나성범","테임즈","이호준","이종욱","지석훈","손시헌","김태군"
"home123",2015-04-30,"SK","윤희상","이명기","박재상","최정","브라운","이재원","정상호","박윤","박계현","김성현"
"away124",2015-05-01,"롯데","송승준","아두치","손아섭","황재균","최준석","강민호","장성우","정훈","김민하","문규현"
"home124",2015-05-01,"한화","유먼","이용규","정근우","김경언","김태균","최진행","김회성","정범모","권용관","송주호"
"away125",2015-05-01,"NC","해커","박민우","김종호","나성범","테임즈","이호준","이종욱","지석훈","손시헌","김태군"
"home125",2015-05-01,"kt","박세웅","이대형","김민혁","송민섭","김상현","윤요섭","이지찬","박용근","용덕한","심우준"
"away126",2015-05-01,"두산","장원준","민병헌","최주환","김현수","홍성흔","양의지","오재원","김재환","박건우","김재호"
"home126",2015-05-01,"삼성","장원삼","김상수","우동균","나바로","최형우","박석민","이승엽","구자욱","진갑용","박해민"
"away127",2015-05-01,"SK","김광현","이명기","박재상","최정","브라운","이재원","박윤","김민식","박계현","김성현"
"home127",2015-05-01,"KIA","스틴슨","김호령","최용규","필","이범호","김다원","나지완","박기남","이성우","강한울"
"away128",2015-05-01,"넥센","송신영","고종욱","서동욱","이택근","박병호","유한준","김민성","윤석민","김하성","박동원"
"home128",2015-05-01,"LG","소사","오지환","정성훈","박용택","이병규","이진영","이병규","양석환","최경철","박지규"
"away129",2015-05-02,"롯데","레일리","아두치","김민하","손아섭","최준석","강민호","김대우","정훈","오승택","강동수"
"home129",2015-05-02,"한화","배영수","이용규","정근우","최진행","김태균","김경언","김회성","김태완","조인성","권용관"
"away130",2015-05-02,"NC","찰리","박민우","김종호","나성범","테임즈","이호준","이종욱","지석훈","손시헌","김태군"
"home130",2015-05-02,"kt","어윈","이대형","김민혁","신명철","김상현","윤요섭","박경수","박용근","용덕한","박기혁"
"away131",2015-05-02,"두산","마야","민병헌","최주환","오재원","김현수","양의지","홍성흔","정진호","정수빈","김재호"
"home131",2015-05-02,"삼성","윤성환","김상수","우동균","나바로","최형우","박석민","이승엽","구자욱","이지영","박해민"
"away132",2015-05-02,"SK","켈리","이명기","박재상","최정","브라운","이재원","박윤","정상호","박계현","김성현"
"home132",2015-05-02,"KIA","서재응","김호령","강한울","필","최희섭","이범호","김다원","박기남","차일목","이은총"
"away133",2015-05-02,"넥센","밴헤켄","고종욱","서동욱","이택근","박병호","유한준","김민성","윤석민","김하성","박동원"
"home133",2015-05-02,"LG","장진용","오지환","손주인","박용택","이병규","정성훈","정의윤","김영관","최경철","문선재"
"away134",2015-05-03,"롯데","이재곤","아두치","김민하","황재균","최준석","강민호","정훈","오승택","임재철","문규현"
"home134",2015-05-03,"한화","유창식","이용규","정근우","김경언","김태균","이성열","김회성","김태완","강경학","조인성"
"away135",2015-05-03,"NC","이태양","박민우","김종호","나성범","테임즈","이호준","이종욱","지석훈","손시헌","김태군"
"home135",2015-05-03,"kt","엄상백","이대형","김민혁","하준호","김상현","장성우","신명철","박경수","이창진","박기혁"
"away136",2015-05-03,"넥센","한현희","강지광","이택근","김민성","박병호","유한준","윤석민","김하성","박동원","김지수"
"home136",2015-05-03,"LG","임지섭","오지환","김용의","박용택","이병규","정성훈","이진영","박지규","유강남","백창수"
"away137",2015-05-05,"KIA","험버","신종길","김다원","필","최희섭","이범호","나지완","최용규","차일목","강한울"
"home137",2015-05-05,"NC","손민한","박민우","김종호","나성범","조영훈","이호준","이종욱","지석훈","손시헌","김태군"
"away138",2015-05-05,"kt","정대현","이대형","김민혁","마르테","김상현","신명철","박경수","하준호","용덕한","심우준"
"home138",2015-05-05,"한화","탈보트","이용규","정근우","최진행","김태균","김경언","김회성","조인성","권용관","고동진"
"away139",2015-05-05,"LG","루카스","오지환","정성훈","박용택","이병규","이진영","이병규","손주인","최경철","박지규"
"home139",2015-05-05,"두산","유희관","민병헌","최주환","오재원","김현수","양의지","홍성흔","정수빈","김재환","김재호"
"away140",2015-05-05,"SK","채병용","박재상","조동화","최정","브라운","이재원","정상호","박윤","박계현","김성현"
"home140",2015-05-05,"롯데","이상화","아두치","손아섭","황재균","최준석","강민호","김대우","정훈","김문호","문규현"
"away141",2015-05-05,"삼성","차우찬","김상수","우동균","나바로","최형우","박석민","이승엽","구자욱","진갑용","박해민"
"home141",2015-05-05,"넥센","문성현","이택근","박헌도","김민성","박병호","유한준","윤석민","김하성","박동원","김지수"
"away142",2015-05-06,"KIA","양현종","이은총","오준혁","필","최희섭","이범호","최용규","노수광","이성우","강한울"
"home142",2015-05-06,"NC","박명환","박민우","김성욱","나성범","테임즈","이호준","이종욱","지석훈","손시헌","김태군"
"away143",2015-05-06,"kt","옥스프링","하준호","이대형","마르테","김상현","장성우","박경수","신명철","용덕한","심우준"
"home143",2015-05-06,"한화","안영명","이용규","정근우","김경언","김태균","최진행","김회성","고동진","조인성","강경학"
"away144",2015-05-06,"LG","임정우","오지환","이병규","박용택","정성훈","이진영","이병규","손주인","최경철","박지규"
"home144",2015-05-06,"두산","니퍼트","정수빈","최주환","민병헌","김현수","양의지","홍성흔","김재환","허경민","김재호"
"away145",2015-05-06,"SK","박종훈","박재상","조동화","최정","브라운","이재원","정상호","박진만","박계현","김성현"
"home145",2015-05-06,"롯데","린드블럼","아두치","손아섭","황재균","최준석","강민호","김대우","정훈","김재유","문규현"
"away146",2015-05-06,"삼성","클로이드","김상수","우동균","나바로","최형우","박석민","이승엽","구자욱","이지영","박해민"
"home146",2015-05-06,"넥센","피어밴드","고종욱","서동욱","문우람","박병호","유한준","윤석민","김민성","김하성","박동원"
"away147",2015-05-07,"KIA","스틴슨","이은총","오준혁","필","최희섭","이범호","박기남","이홍구","노수광","강한울"
"home147",2015-05-07,"NC","해커","박민우","김종호","나성범","테임즈","조영훈","이종욱","지석훈","손시헌","김태군"
"away148",2015-05-07,"kt","엄상백","하준호","이대형","마르테","김상현","장성우","박경수","송민섭","용덕한","심우준"
"home148",2015-05-07,"한화","유먼","이용규","정근우","김경언","김태균","최진행","김회성","한상훈","조인성","고동진"
"away149",2015-05-07,"LG","소사","오지환","이병규","정의윤","정성훈","이진영","한나한","손주인","최경철","박지규"
"home149",2015-05-07,"두산","진야곱","민병헌","정수빈","오재원","김현수","양의지","홍성흔","최주환","김재환","김재호"
"away150",2015-05-07,"SK","윤희상","박재상","조동화","최정","브라운","이재원","정상호","박진만","박계현","김성현"
"home150",2015-05-07,"롯데","송승준","아두치","손아섭","황재균","최준석","강민호","김대우","정훈","김문호","문규현"
"away151",2015-05-07,"삼성","피가로","김상수","우동균","나바로","최형우","박석민","이승엽","구자욱","이지영","박해민"
"home151",2015-05-07,"넥센","송신영","고종욱","박헌도","김민성","박병호","유한준","윤석민","김하성","박동원","김지수"
"away152",2015-05-08,"한화","배영수","이용규","한상훈","정근우","최진행","이종환","조인성","김회성","고동진","권용관"
"home152",2015-05-08,"두산","마야","정수빈","최주환","오재원","김현수","홍성흔","정진호","김재환","최재훈","김재호"
"away153",2015-05-08,"KIA","홍건희","이은총","최용규","필","이범호","이홍구","박기남","김민우","김호령","강한울"
"home153",2015-05-08,"넥센","밴헤켄","이택근","박헌도","김민성","박병호","유한준","윤석민","김하성","박동원","송성문"
"away154",2015-05-08,"LG","장진용","박지규","이병규","박용택","정성훈","이진영","한나한","손주인","유강남","김영관"
"home154",2015-05-08,"kt","어윈","이대형","김진곤","하준호","김상현","장성우","박경수","문상철","용덕한","심우준"
"away155",2015-05-08,"롯데","레일리","아두치","손아섭","황재균","최준석","강민호","김문호","정훈","김대우","문규현"
"home155",2015-05-08,"NC","찰리","박민우","김종호","나성범","테임즈","이호준","이종욱","지석훈","손시헌","김태군"
"away156",2015-05-08,"삼성","장원삼","김상수","우동균","나바로","최형우","박석민","이승엽","구자욱","진갑용","박해민"
"home156",2015-05-08,"SK","김광현","이명기","조동화","최정","브라운","이재원","박재상","정상호","박계현","박진만"
"away157",2015-05-09,"한화","송은범","이용규","정근우","김경언","최진행","이종환","조인성","김회성","한상훈","권용관"
"home157",2015-05-09,"두산","김수완","민병헌","정수빈","오재원","김현수","양의지","홍성흔","김재환","최주환","김재호"
"away158",2015-05-09,"KIA","서재응","이은총","강한울","필","최희섭","이범호","김원섭","박기남","이성우","오준혁"
"home158",2015-05-09,"넥센","한현희","이택근","박헌도","김민성","박병호","유한준","윤석민","김하성","박동원","송성문"
"away159",2015-05-09,"LG","류제국","오지환","이병규","박용택","정성훈","한나한","채은성","손주인","최경철","박지규"
"home159",2015-05-09,"kt","정성곤","이대형","김민혁","하준호","김상현","장성우","박경수","박용근","용덕한","심우준"
"away160",2015-05-09,"롯데","박세웅","황재균","김문호","손아섭","최준석","강민호","박종윤","정훈","김재유","문규현"
"home160",2015-05-09,"NC","이태양","박민우","김종호","나성범","테임즈","이호준","이종욱","지석훈","손시헌","김태군"
"away161",2015-05-09,"삼성","윤성환","김상수","우동균","나바로","최형우","박석민","이승엽","구자욱","이지영","박해민"
"home161",2015-05-09,"SK","켈리","이명기","조동화","최정","브라운","박정권","이재원","정상호","박계현","박진만"
"away162",2015-05-10,"한화","탈보트","이용규","정근우","김경언","김태균","최진행","조인성","권용관","한상훈","강경학"
"home162",2015-05-10,"두산","유희관","민병헌","정수빈","오재원","김현수","양의지","홍성흔","김재환","최주환","김재호"
"away163",2015-05-10,"KIA","험버","이은총","강한울","필","최희섭","이범호","김원섭","이홍구","오준혁","박기남"
"home163",2015-05-10,"넥센","김동준","이택근","고종욱","박헌도","박병호","유한준","윤석민","김민성","송성문","김재현"
"away164",2015-05-10,"롯데","이상화","황재균","김문호","박종윤","최준석","강민호","손아섭","정훈","김민하","오승택"
"home164",2015-05-10,"NC","손민한","박민우","김종호","나성범","테임즈","이호준","이종욱","지석훈","손시헌","김태군"
"away165",2015-05-10,"삼성","차우찬","구자욱","박해민","나바로","최형우","박석민","이승엽","우동균","진갑용","김재현"
"home165",2015-05-10,"SK","채병용","이명기","박재상","최정","브라운","박정권","이재원","정상호","박계현","김성현"
"away166",2015-05-10,"LG","루카스","손주인","이병규","박용택","정성훈","한나한","채은성","박지규","최경철","오지환"
"home166",2015-05-10,"kt","정대현","이대형","김민혁","하준호","김상현","장성우","박경수","박용근","용덕한","심우준"
"away167",2015-05-12,"한화","안영명","이용규","한상훈","김경언","최진행","정근우","조인성","권용관","강경학","채기영"
"home167",2015-05-12,"삼성","클로이드","나바로","구자욱","채태인","최형우","박석민","이승엽","박해민","이지영","김재현"
"away168",2015-05-12,"kt","옥스프링","이대형","송민섭","하준호","김상현","장성우","박경수","박용근","용덕한","심우준"
"home168",2015-05-12,"KIA","양현종","김원섭","강한울","필","최희섭","이범호","이홍구","김호령","박찬호","이은총"
"away169",2015-05-12,"넥센","피어밴드","고종욱","스나이더","김민성","박병호","유한준","윤석민","김하성","박동원","송성문"
"home169",2015-05-12,"롯데","린드블럼","정훈","손아섭","황재균","최준석","강민호","박종윤","김민하","임재철","문규현"
"away170",2015-05-13,"한화","유먼","이용규","정근우","김경언","최진행","이성열","권용관","조인성","강경학","주현상"
"home170",2015-05-13,"삼성","피가로","나바로","구자욱","채태인","최형우","박석민","이승엽","박해민","이지영","김상수"
"away171",2015-05-13,"kt","엄상백","이대형","김민혁","하준호","김상현","박경수","장성우","박용근","용덕한","심우준"
"home171",2015-05-13,"KIA","스틴슨","김원섭","강한울","필","최희섭","이범호","김민우","이홍구","김호령","이은총"
"away172",2015-05-13,"NC","찰리","박민우","김종호","나성범","테임즈","이호준","이종욱","지석훈","손시헌","김태군"
"home172",2015-05-13,"LG","소사","정성훈","손주인","박용택","이병규","한나한","이진영","박지규","최경철","오지환"
"away173",2015-05-13,"두산","니퍼트","민병헌","정수빈","김현수","홍성흔","오재원","김재환","최재훈","최주환","김재호"
"home173",2015-05-13,"SK","윤희상","이명기","조동화","최정","브라운","박정권","이재원","박재상","박계현","김성현"
"away174",2015-05-13,"넥센","송신영","고종욱","스나이더","김민성","박병호","유한준","윤석민","김하성","박동원","송성문"
"home174",2015-05-13,"롯데","이인복","정훈","손아섭","황재균","최준석","박종윤","김민하","임재철","안중열","문규현"
"away175",2015-05-14,"한화","안영명","이용규","권용관","정근우","최진행","김경언","이종환","주현상","허도환","강경학"
"home175",2015-05-14,"삼성","장원삼","나바로","구자욱","채태인","최형우","박석민","이승엽","박해민","진갑용","김상수"
"away176",2015-05-14,"kt","어윈","이대형","신명철","하준호","김상현","박경수","장성우","박용근","용덕한","심우준"
"home176",2015-05-14,"KIA","임준혁","김원섭","강한울","김주찬","필","이범호","최희섭","김민우","이홍구","김호령"
"away177",2015-05-14,"NC","이재학","박민우","김종호","나성범","테임즈","이호준","이종욱","지석훈","손시헌","김태군"
"home177",2015-05-14,"LG","우규민","김용의","손주인","박용택","이병규","한나한","이진영","박지규","최경철","오지환"
"away178",2015-05-14,"두산","마야","민병헌","정수빈","김현수","홍성흔","오재원","김재환","최재훈","허경민","김재호"
"home178",2015-05-14,"SK","김광현","조동화","박재상","최정","브라운","이재원","박정권","정상호","박계현","김성현"
"away179",2015-05-14,"넥센","밴헤켄","이택근","스나이더","김민성","박병호","유한준","윤석민","박헌도","김하성","박동원"
"home179",2015-05-14,"롯데","레일리","정훈","손아섭","황재균","최준석","강민호","박종윤","김민하","임재철","문규현"
"away180",2015-05-15,"롯데","박세웅","정훈","손아섭","황재균","최준석","강민호","박종윤","김민하","임재철","문규현"
"home180",2015-05-15,"kt","정성곤","이대형","김민혁","하준호","김상현","박경수","장성우","김동명","박용근","박기혁"
"away181",2015-05-15,"NC","해커","박민우","김종호","이종욱","테임즈","이호준","나성범","지석훈","손시헌","김태군"
"home181",2015-05-15,"삼성","윤성환","나바로","구자욱","채태인","최형우","박석민","이승엽","박해민","이지영","김상수"
"away182",2015-05-15,"SK","켈리","이명기","박재상","최정","브라운","이재원","박정권","정상호","박계현","나주환"
"home182",2015-05-15,"LG","임정우","정성훈","손주인","박용택","이병규","한나한","이진영","박지규","유강남","오지환"
"away183",2015-05-15,"넥센","한현희","이택근","스나이더","김민성","박병호","유한준","윤석민","박헌도","김하성","박동원"
"home183",2015-05-15,"한화","송은범","이용규","이성열","김경언","최진행","이종환","정근우","강경학","주현상","조인성"
"away184",2015-05-16,"롯데","김승회","정훈","손아섭","황재균","최준석","강민호","박종윤","김민하","임재철","문규현"
"home184",2015-05-16,"kt","정대현","이대형","김민혁","하준호","김상현","박경수","장성우","김동명","이지찬","박기혁"
"away185",2015-05-16,"NC","노성호","박민우","김종호","이종욱","테임즈","이호준","김성욱","지석훈","손시헌","김태군"
"home185",2015-05-16,"삼성","차우찬","나바로","박한이","채태인","최형우","박석민","이승엽","구자욱","진갑용","김상수"
"away186",2015-05-16,"두산","유희관","민병헌","정수빈","김현수","홍성흔","오재원","양의지","김재환","최주환","김재호"
"home186",2015-05-16,"KIA","험버","김원섭","김호령","김주찬","필","나지완","이범호","김민우","이홍구","강한울"
"away187",2015-05-16,"SK","박종훈","이명기","박재상","최정","브라운","이재원","박정권","정상호","박계현","박진만"
"home187",2015-05-16,"LG","루카스","정성훈","손주인","박용택","이병규","이진영","한나한","박지규","최경철","오지환"
"away188",2015-05-16,"넥센","김동준","이택근","스나이더","김민성","박병호","유한준","윤석민","김하성","김지수","김재현"
"home188",2015-05-16,"한화","배영수","이용규","권용관","김경언","최진행","이종환","이성열","정근우","조인성","주현상"
"away189",2015-05-17,"롯데","린드블럼","아두치","손아섭","황재균","최준석","강민호","박종윤","정훈","임재철","문규현"
"home189",2015-05-17,"kt","옥스프링","이대형","김민혁","하준호","장성우","김상현","박경수","이지찬","용덕한","심우준"
"away190",2015-05-17,"NC","박명환","박민우","김종호","이종욱","테임즈","이호준","나성범","지석훈","손시헌","김태군"
"home190",2015-05-17,"삼성","클로이드","박한이","구자욱","채태인","최형우","이승엽","김태완","김상수","이지영","김재현"
"away191",2015-05-17,"두산","장원준","민병헌","허경민","김현수","홍성흔","오재원","양의지","김재환","김진형","김재호"
"home191",2015-05-17,"KIA","양현종","김원섭","김호령","김주찬","필","이범호","김민우","나지완","박찬호","이성우"
"away192",2015-05-17,"SK","채병용","이명기","조동화","박재상","브라운","박정권","김성현","안정광","김민식","박계현"
"home192",2015-05-17,"LG","류제국","정성훈","손주인","박용택","이병규","한나한","이병규","박지규","최경철","오지환"
"away193",2015-05-17,"넥센","피어밴드","이택근","고종욱","스나이더","박병호","유한준","윤석민","김하성","박동원","김지수"
"home193",2015-05-17,"한화","안영명","이용규","주현상","정근우","최진행","김경언","권용관","조인성","강경학","송주호"
"away194",2015-05-19,"한화","유먼","이용규","권용관","정근우","최진행","김경언","주현상","강경학","조인성","송주호"
"home194",2015-05-19,"SK","밴와트","이명기","박재상","이재원","브라운","박정권","정상호","김성현","박계현","나주환"
"away195",2015-05-19,"KIA","스틴슨","김민우","김호령","김주찬","필","이범호","나지완","김다원","이홍구","강한울"
"home195",2015-05-19,"롯데","레일리","아두치","정훈","황재균","최준석","강민호","박종윤","손아섭","임재철","문규현"
"away196",2015-05-19,"kt","엄상백","이대형","김민혁","하준호","장성우","김상현","박경수","김동명","박용근","심우준"
"home196",2015-05-19,"NC","찰리","박민우","김종호","이종욱","테임즈","이호준","나성범","지석훈","손시헌","김태군"
"away197",2015-05-19,"LG","소사","정성훈","손주인","박용택","이병규","한나한","이병규","박지규","최경철","오지환"
"home197",2015-05-19,"넥센","송신영","이택근","고종욱","스나이더","박병호","유한준","김민성","김하성","박동원","김지수"
"away198",2015-05-20,"한화","송은범","이용규","권용관","정근우","최진행","김경언","폭스","김회성","조인성","주현상"
"home198",2015-05-20,"SK","김광현","이명기","박재상","이재원","브라운","박정권","정상호","김성현","박계현","나주환"
"away199",2015-05-20,"KIA","임준혁","김원섭","김민우","김주찬","필","최희섭","이범호","이홍구","박준태","강한울"
"home199",2015-05-20,"롯데","박세웅","아두치","정훈","황재균","최준석","강민호","박종윤","손아섭","임재철","문규현"
"away200",2015-05-20,"kt","조무근","이대형","김민혁","하준호","장성우","김상현","박경수","김동명","박용근","심우준"
"home200",2015-05-20,"NC","이재학","박민우","김종호","나성범","테임즈","이호준","이종욱","지석훈","손시헌","김태군"
"away201",2015-05-20,"LG","임지섭","정성훈","손주인","박용택","이병규","한나한","이진영","박지규","유강남","오지환"
"home201",2015-05-20,"넥센","밴헤켄","이택근","강지광","김민성","박병호","유한준","윤석민","김하성","박동원","김지수"
"away202",2015-05-20,"삼성","피가로","나바로","구자욱","박한이","최형우","박석민","이승엽","박해민","이지영","김상수"
"home202",2015-05-20,"두산","마야","정수빈","정진호","민병헌","김현수","오재원","양의지","김재환","최주환","김재호"
"away203",2015-05-21,"한화","탈보트","이용규","권용관","정근우","최진행","폭스","김경언","김회성","주현상","허도환"
"home203",2015-05-21,"SK","고효준","이명기","조동화","박재상","브라운","이재원","박정권","김성현","박계현","나주환"
"away204",2015-05-21,"KIA","김병현","김원섭","김호령","김주찬","필","최희섭","이범호","김민우","이성우","강한울"
"home204",2015-05-21,"롯데","구승민","아두치","정훈","황재균","최준석","강민호","박종윤","손아섭","김문호","문규현"
"away205",2015-05-21,"kt","정성곤","이대형","김민혁","하준호","김상현","장성우","박경수","윤요섭","박용근","심우준"
"home205",2015-05-21,"NC","해커","이종욱","김종호","나성범","테임즈","이호준","지석훈","손시헌","노진혁","김태군"
"away206",2015-05-21,"LG","우규민","정성훈","손주인","박용택","이병규","한나한","이진영","박지규","최경철","오지환"
"home206",2015-05-21,"넥센","한현희","이택근","고종욱","스나이더","박병호","유한준","김민성","서동욱","박동원","김하성"
"away207",2015-05-21,"삼성","장원삼","나바로","구자욱","박한이","최형우","박석민","이승엽","박해민","이흥련","김상수"
"home207",2015-05-21,"두산","니퍼트","정수빈","허경민","민병헌","김현수","양의지","오재원","김재환","정진호","김재호"
"away208",2015-05-22,"한화","배영수","이용규","권용관","정근우","최진행","폭스","김경언","김회성","조인성","주현상"
"home208",2015-05-22,"kt","정대현","이대형","박경수","하준호","장성우","장성호","박용근","김상현","김민혁","심우준"
"away209",2015-05-22,"LG","루카스","오지환","황목치승","이진영","이병규","한나한","양석환","나성용","최경철","이민재"
"home209",2015-05-22,"롯데","김승회","손아섭","정훈","아두치","최준석","강민호","박종윤","김문호","오승택","문규현"
"away210",2015-05-22,"NC","손민한","박민우","김종호","나성범","테임즈","이호준","이종욱","지석훈","손시헌","김태군"
"home210",2015-05-22,"넥센","김동준","이택근","고종욱","스나이더","박병호","유한준","김민성","김하성","박동원","서동욱"
"away211",2015-05-22,"SK","박종훈","이명기","박재상","이재원","브라운","박정권","정상호","김성현","안정광","나주환"
"home211",2015-05-22,"두산","유희관","정수빈","정진호","민병헌","김현수","양의지","오재원","김재환","허경민","김재호"
"away212",2015-05-22,"삼성","윤성환","나바로","박한이","채태인","최형우","박석민","이승엽","구자욱","이지영","김상수"
"home212",2015-05-22,"KIA","유창식","김원섭","김호령","김주찬","필","최희섭","김민우","이홍구","박찬호","강한울"
"away213",2015-05-23,"한화","안영명","이용규","권용관","정근우","최진행","김경언","폭스","김회성","조인성","주현상"
"home213",2015-05-23,"kt","옥스프링","이대형","박경수","하준호","장성우","장성호","김상현","박용근","용덕한","심우준"
"away214",2015-05-23,"LG","류제국","오지환","황목치승","이진영","이병규","한나한","양석환","나성용","최경철","채은성"
"home214",2015-05-23,"롯데","린드블럼","손아섭","정훈","아두치","최준석","강민호","박종윤","김문호","오승택","문규현"
"away215",2015-05-23,"NC","박명환","박민우","이종욱","나성범","테임즈","이호준","김성욱","지석훈","손시헌","김태군"
"home215",2015-05-23,"넥센","피어밴드","이택근","고종욱","스나이더","박병호","김민성","윤석민","김하성","김지수","김재현"
"away216",2015-05-23,"SK","채병용","박재상","조동화","이재원","브라운","박정권","정상호","김성현","안정광","나주환"
"home216",2015-05-23,"두산","장원준","정수빈","정진호","민병헌","김현수","양의지","오재원","김재환","허경민","김재호"
"away217",2015-05-23,"삼성","차우찬","나바로","박한이","채태인","최형우","박석민","이승엽","구자욱","이흥련","김상수"
"home217",2015-05-23,"KIA","양현종","김민우","김다원","김주찬","필","이범호","나지완","김호령","이성우","강한울"
"away218",2015-05-24,"한화","유먼","이용규","정근우","김경언","최진행","이성열","조인성","김회성","주현상","권용관"
"home218",2015-05-24,"kt","엄상백","하준호","이대형","박경수","김상현","장성우","신명철","박용근","문상철","박기혁"
"away219",2015-05-24,"LG","장진용","오지환","황목치승","이진영","이병규","한나한","나성용","양석환","유강남","채은성"
"home219",2015-05-24,"롯데","레일리","손아섭","정훈","아두치","최준석","강민호","박종윤","김문호","오승택","문규현"
"away220",2015-05-24,"NC","찰리","박민우","이종욱","나성범","테임즈","이호준","지석훈","손시헌","최재원","김태군"
"home220",2015-05-24,"넥센","김택형","이택근","스나이더","박헌도","박병호","김민성","윤석민","김하성","강지광","박동원"
"away221",2015-05-24,"삼성","클로이드","나바로","박한이","채태인","최형우","박석민","이승엽","구자욱","이지영","김상수"
"home221",2015-05-24,"KIA","스틴슨","김원섭","신종길","김주찬","필","최희섭","이범호","김민우","이홍구","강한울"
"away222",2015-05-24,"SK","윤희상","이명기","조동화","최정","브라운","이재원","박정권","정상호","박계현","김성현"
"home222",2015-05-24,"두산","진야곱","정수빈","정진호","민병헌","김현수","김재환","오재원","허경민","최재훈","김재호"
"away223",2015-05-26,"KIA","임준혁","신종길","김민우","김주찬","필","최희섭","이범호","김원섭","이홍구","강한울"
"home223",2015-05-26,"한화","송은범","정근우","권용관","김경언","최진행","이성열","조인성","김회성","주현상","송주호"
"away224",2015-05-26,"kt","어윈","하준호","이대형","장성호","김상현","장성우","박경수","김진곤","이지찬","심우준"
"home224",2015-05-26,"LG","소사","오지환","황목치승","한나한","이병규","채은성","양석환","나성용","최경철","문선재"
"away225",2015-05-26,"롯데","송승준","손아섭","정훈","아두치","최준석","강민호","박종윤","김문호","오승택","문규현"
"home225",2015-05-26,"SK","밴와트","박재상","조동화","최정","브라운","이재원","박정권","정상호","박계현","김성현"
"away226",2015-05-26,"두산","마야","정진호","최주환","민병헌","김현수","양의지","오재원","김재환","허경민","장민석"
"home226",2015-05-26,"NC","이재학","박민우","김종호","나성범","테임즈","이호준","이종욱","지석훈","손시헌","김태군"
"away227",2015-05-26,"넥센","밴헤켄","이택근","스나이더","박헌도","박병호","유한준","김민성","윤석민","김하성","박동원"
"home227",2015-05-26,"삼성","피가로","나바로","박한이","채태인","최형우","박석민","진갑용","박해민","이지영","김상수"
"away228",2015-05-27,"KIA","김병현","신종길","김민우","김원섭","필","최희섭","이범호","박준태","이성우","강한울"
"home228",2015-05-27,"한화","배영수","이용규","정근우","이성열","최진행","황선일","김회성","조인성","주현상","강경학"
"away229",2015-05-27,"kt","정성곤","하준호","이대형","장성호","김상현","박경수","문상철","장성우","이지찬","심우준"
"home229",2015-05-27,"LG","우규민","오지환","황목치승","박용택","한나한","채은성","양석환","나성용","최경철","문선재"
"away230",2015-05-27,"롯데","구승민","정훈","김민하","아두치","최준석","강민호","오승택","임재철","오윤석","문규현"
"home230",2015-05-27,"SK","김광현","이명기","조동화","박재상","브라운","박정권","정상호","박계현","나주환","박진만"
"away231",2015-05-27,"두산","니퍼트","정수빈","정진호","민병헌","김현수","양의지","오재원","김재환","허경민","김재호"
"home231",2015-05-27,"NC","해커","박민우","김종호","나성범","테임즈","이호준","이종욱","지석훈","손시헌","김태군"
"away232",2015-05-27,"넥센","한현희","이택근","스나이더","박헌도","박병호","유한준","김민성","윤석민","김하성","박동원"
"home232",2015-05-27,"삼성","장원삼","나바로","박한이","채태인","최형우","이승엽","백상원","박해민","이흥련","김상수"
"away233",2015-05-28,"KIA","유창식","김원섭","신종길","김주찬","필","김다원","김민우","박기남","이성우","강한울"
"home233",2015-05-28,"한화","탈보트","이용규","권용관","정근우","최진행","조인성","김회성","이성열","주현상","강경학"
"away234",2015-05-28,"kt","정대현","이대형","신명철","하준호","김상현","장성호","장성우","박경수","문상철","심우준"
"home234",2015-05-28,"LG","루카스","오지환","황목치승","이병규","한나한","채은성","양석환","나성용","최경철","문선재"
"away235",2015-05-28,"롯데","김승회","정훈","김문호","아두치","최준석","박종윤","오승택","김민하","안중열","문규현"
"home235",2015-05-28,"SK","박종훈","이명기","조동화","박재상","브라운","박정권","정상호","박계현","나주환","박진만"
"away236",2015-05-28,"두산","유희관","정수빈","허경민","김현수","홍성흔","양의지","오재원","김재환","박건우","김재호"
"home236",2015-05-28,"NC","손민한","박민우","김종호","나성범","테임즈","이호준","이종욱","지석훈","손시헌","김태군"
"away237",2015-05-28,"넥센","김동준","이택근","스나이더","박헌도","박병호","유한준","김민성","김하성","서동욱","박동원"
"home237",2015-05-28,"삼성","윤성환","나바로","박한이","채태인","최형우","이승엽","백상원","박해민","이지영","김상수"
"away238",2015-05-29,"한화","안영명","이용규","정근우","이성열","최진행","조인성","김회성","주현상","강경학","송주호"
"home238",2015-05-29,"롯데","린드블럼","정훈","황재균","아두치","최준석","강민호","박종윤","오승택","김문호","김민하"
"away239",2015-05-29,"NC","이태양","박민우","김종호","나성범","테임즈","이호준","이종욱","지석훈","손시헌","김태군"
"home239",2015-05-29,"KIA","양현종","신종길","강한울","김주찬","필","김원섭","김민우","박기남","이성우","박준태"
"away240",2015-05-29,"두산","장원준","정수빈","허경민","김현수","홍성흔","양의지","오재원","김재환","장민석","김재호"
"home240",2015-05-29,"kt","옥스프링","하준호","이대형","신명철","김상현","장성우","이창진","용덕한","이지찬","심우준"
"away241",2015-05-29,"삼성","차우찬","나바로","박한이","채태인","최형우","박석민","이승엽","박해민","이흥련","김상수"
"home241",2015-05-29,"LG","류제국","오지환","황목치승","이병규","한나한","양석환","나성용","백창수","유강남","문선재"
"away242",2015-05-29,"넥센","피어밴드","이택근","고종욱","스나이더","박병호","유한준","김민성","김하성","김지수","박동원"
"home242",2015-05-29,"SK","켈리","조동화","이명기","박재상","브라운","박정권","박진만","나주환","박계현","허웅"
"away243",2015-05-30,"한화","유먼","정근우","권용관","김태균","최진행","김회성","조인성","주현상","강경학","송주호"
"home243",2015-05-30,"롯데","레일리","정훈","황재균","아두치","최준석","강민호","오승택","김민하","임재철","문규현"
"away244",2015-05-30,"삼성","클로이드","나바로","구자욱","박한이","최형우","박석민","이승엽","박해민","이지영","김상수"
"home244",2015-05-30,"LG","장진용","오지환","황목치승","박용택","한나한","이병규","양석환","김용의","유강남","이민재"
"away245",2015-05-30,"NC","찰리","박민우","김종호","나성범","테임즈","이호준","이종욱","지석훈","손시헌","김태군"
"home245",2015-05-30,"KIA","스틴슨","신종길","강한울","김주찬","필","김원섭","이범호","김민우","이홍구","김호령"
"away246",2015-05-30,"두산","진야곱","정수빈","장민석","김현수","김재환","양의지","오재원","정진호","최주환","김재호"
"home246",2015-05-30,"kt","엄상백","하준호","이대형","박경수","김상현","장성우","신명철","송민섭","문상철","심우준"
"away247",2015-05-30,"넥센","송신영","이택근","스나이더","박헌도","박병호","유한준","김민성","윤석민","김하성","박동원"
"home247",2015-05-30,"SK","윤희상","이명기","김강민","임훈","브라운","박정권","박진만","나주환","박계현","허웅"
"away248",2015-05-31,"한화","송은범","정근우","권용관","김태균","최진행","이성열","김회성","주현상","허도환","강경학"
"home248",2015-05-31,"롯데","송승준","정훈","황재균","아두치","최준석","강민호","박종윤","오승택","김문호","김민하"
"away249",2015-05-31,"두산","마야","정수빈","정진호","민병헌","김현수","홍성흔","오재원","최주환","최재훈","김재호"
"home249",2015-05-31,"kt","어윈","하준호","이대형","장성호","김상현","장성우","신명철","박경수","문상철","심우준"
"away250",2015-05-31,"삼성","피가로","나바로","구자욱","박한이","최형우","박석민","이승엽","박해민","이지영","김상수"
"home250",2015-05-31,"LG","소사","오지환","황목치승","박용택","한나한","이병규","양석환","김용의","최경철","문선재"
"away251",2015-05-31,"넥센","밴헤켄","이택근","고종욱","스나이더","박병호","유한준","김민성","윤석민","김하성","박동원"
"home251",2015-05-31,"SK","밴와트","이명기","김강민","이재원","브라운","박정권","정상호","박진만","나주환","박계현"
"away252",2015-05-31,"NC","손정욱","박민우","김종호","나성범","테임즈","이호준","이종욱","지석훈","손시헌","김태군"
"home252",2015-05-31,"KIA","임준혁","신종길","김호령","김주찬","필","이범호","김주형","최용규","이홍구","강한울"
"away253",2015-06-02,"한화","배영수","이용규","정근우","이성열","김태균","최진행","김회성","주현상","허도환","강경학"
"home253",2015-06-02,"넥센","한현희","이택근","고종욱","스나이더","박병호","유한준","김민성","윤석민","김하성","박동원"
"away254",2015-06-02,"KIA","서재응","신종길","강한울","김주찬","필","이범호","김원섭","최용규","이성우","김호령"
"home254",2015-06-02,"두산","니퍼트","민병헌","정진호","김현수","홍성흔","양의지","오재원","최주환","김재환","김재호"
"away255",2015-06-02,"LG","우규민","오지환","김용의","박용택","한나한","이병규","양석환","문선재","최경철","황목치승"
"home255",2015-06-02,"NC","해커","박민우","김종호","나성범","테임즈","이호준","이종욱","지석훈","손시헌","김태군"
"away256",2015-06-02,"롯데","이상화","정훈","아두치","황재균","최준석","강민호","손아섭","오승택","김민하","문규현"
"home256",2015-06-02,"삼성","장원삼","나바로","박한이","채태인","최형우","박석민","이승엽","박해민","이흥련","김상수"
"away257",2015-06-02,"SK","김광현","조동화","박계현","이재원","브라운","박정권","김강민","박진만","정상호","나주환"
"home257",2015-06-02,"kt","정성곤","하준호","이대형","박경수","김상현","장성우","문상철","송민섭","이지찬","박기혁"
"away258",2015-06-03,"한화","탈보트","이용규","강경학","정근우","김태균","최진행","김회성","이성열","주현상","허도환"
"home258",2015-06-03,"넥센","김동준","이택근","스나이더","윤석민","박병호","유한준","김민성","김하성","박동원","김지수"
"away259",2015-06-03,"KIA","유창식","신종길","김민우","김주찬","필","이범호","김다원","이홍구","최용규","김호령"
"home259",2015-06-03,"두산","유희관","민병헌","정수빈","김현수","홍성흔","양의지","오재원","허경민","박건우","김재호"
"away260",2015-06-03,"LG","루카스","오지환","김용의","박용택","한나한","이병규","양석환","문선재","최경철","황목치승"
"home260",2015-06-03,"NC","손민한","박민우","김종호","나성범","테임즈","이호준","이종욱","지석훈","손시헌","김태군"
"away261",2015-06-03,"롯데","구승민","정훈","아두치","황재균","최준석","강민호","박종윤","손아섭","김문호","오승택"
"home261",2015-06-03,"삼성","윤성환","나바로","박한이","채태인","최형우","박석민","이승엽","박해민","이지영","김상수"
"away262",2015-06-03,"SK","박종훈","이명기","박계현","이재원","브라운","박정권","김강민","박진만","정상호","나주환"
"home262",2015-06-03,"kt","정대현","이대형","하준호","장성호","김상현","신명철","장성우","박경수","문상철","박기혁"
"away263",2015-06-04,"한화","안영명","이용규","강경학","정근우","김태균","최진행","김회성","조인성","권용관","송주호"
"home263",2015-06-04,"넥센","피어밴드","이택근","고종욱","스나이더","박병호","유한준","김민성","윤석민","김하성","박동원"
"away264",2015-06-04,"KIA","양현종","신종길","김호령","김주찬","필","이범호","김민우","김주형","이성우","강한울"
"home264",2015-06-04,"두산","장원준","민병헌","정수빈","김현수","홍성흔","양의지","허경민","박건우","양종민","김재호"
"away265",2015-06-04,"LG","류제국","오지환","김용의","박용택","한나한","채은성","양석환","문선재","유강남","황목치승"
"home265",2015-06-04,"NC","이태양","박민우","김종호","나성범","테임즈","이호준","이종욱","지석훈","손시헌","김태군"
"away266",2015-06-04,"롯데","린드블럼","정훈","아두치","황재균","최준석","강민호","박종윤","김민하","임재철","문규현"
"home266",2015-06-04,"삼성","차우찬","나바로","박한이","채태인","최형우","박석민","이승엽","박해민","이흥련","김상수"
"away267",2015-06-04,"SK","켈리","이명기","박계현","이재원","브라운","김강민","박정권","나주환","정상호","김성현"
"home267",2015-06-04,"kt","옥스프링","이대형","하준호","장성호","블랙","김상현","장성우","박경수","문상철","박기혁"
"away268",2015-06-05,"kt","엄상백","이대형","하준호","마르테","블랙","김상현","장성우","박경수","문상철","박기혁"
"home268",2015-06-05,"한화","유먼","이용규","이성열","정근우","김태균","최진행","김회성","조인성","강경학","신성현"
"away269",2015-06-05,"두산","진야곱","민병헌","정수빈","김현수","로메로","오재원","홍성흔","양의지","정진호","허경민"
"home269",2015-06-05,"넥센","송신영","김하성","고종욱","스나이더","박병호","유한준","김민성","윤석민","박헌도","박동원"
"away270",2015-06-05,"SK","윤희상","이명기","박계현","이재원","브라운","김강민","박정권","나주환","정상호","김성현"
"home270",2015-06-05,"LG","소사","오지환","김용의","박용택","한나한","정성훈","양석환","문선재","유강남","황목치승"
"away271",2015-06-05,"삼성","클로이드","나바로","박한이","채태인","최형우","박석민","이승엽","박해민","이지영","김상수"
"home271",2015-06-05,"NC","박명환","박민우","김종호","나성범","테임즈","모창민","이종욱","지석훈","손시헌","김태군"
"away272",2015-06-06,"KIA","스틴슨","신종길","김호령","김주찬","필","이범호","김다원","박기남","이홍구","강한울"
"home272",2015-06-06,"롯데","레일리","정훈","아두치","황재균","최준석","강민호","박종윤","김문호","김민하","문규현"
"away273",2015-06-06,"kt","어윈","이대형","하준호","마르테","블랙","김상현","장성우","박경수","문상철","박기혁"
"home273",2015-06-06,"한화","송은범","이용규","강경학","정근우","김태균","최진행","김회성","조인성","신성현","송주호"
"away274",2015-06-06,"두산","마야","민병헌","정수빈","김현수","로메로","홍성흔","오재원","정진호","최재훈","허경민"
"home274",2015-06-06,"넥센","밴헤켄","김하성","고종욱","스나이더","박병호","유한준","김민성","이택근","윤석민","박동원"
"away275",2015-06-06,"SK","밴와트","이명기","박계현","이재원","브라운","김강민","박정권","나주환","정상호","김성현"
"home275",2015-06-06,"LG","장진용","오지환","김용의","박용택","한나한","이병규","채은성","양석환","유강남","황목치승"
"away276",2015-06-06,"삼성","피가로","나바로","박한이","채태인","최형우","박석민","이승엽","박해민","이지영","김상수"
"home276",2015-06-06,"NC","이민호","박민우","김종호","나성범","테임즈","이호준","이종욱","지석훈","손시헌","김태군"
"away277",2015-06-07,"KIA","김병현","김원섭","김호령","김주찬","필","나지완","이범호","최용규","이홍구","강한울"
"home277",2015-06-07,"롯데","송승준","아두치","김문호","황재균","최준석","강민호","박종윤","박준서","김대우","문규현"
"away278",2015-06-07,"kt","정성곤","이대형","하준호","마르테","블랙","김상현","장성우","박경수","문상철","박기혁"
"home278",2015-06-07,"한화","배영수","이용규","강경학","정근우","김태균","최진행","조인성","신성현","주현상","송주호"
"away279",2015-06-07,"두산","니퍼트","민병헌","정수빈","김현수","로메로","양의지","오재원","정진호","허경민","장민석"
"home279",2015-06-07,"넥센","문성현","김하성","스나이더","이택근","박병호","유한준","김민성","윤석민","김지수","김재현"
"away280",2015-06-07,"SK","김광현","이명기","조동화","박재상","이재원","김강민","박정권","나주환","박계현","김성현"
"home280",2015-06-07,"LG","우규민","문선재","백창수","정성훈","한나한","박용택","양석환","채은성","유강남","오지환"
"away281",2015-06-07,"삼성","장원삼","박해민","박한이","채태인","최형우","박석민","이승엽","백상원","이흥련","김상수"
"home281",2015-06-07,"NC","해커","박민우","김종호","나성범","테임즈","이호준","이종욱","지석훈","손시헌","김태군"
"away282",2015-06-09,"한화","탈보트","이용규","강경학","정근우","김태균","이성열","최진행","신성현","조인성","권용관"
"home282",2015-06-09,"삼성","윤성환","나바로","구자욱","박한이","최형우","박석민","이승엽","박해민","이지영","김상수"
"away283",2015-06-09,"kt","정대현","이대형","하준호","마르테","댄블랙","김상현","장성우","박경수","문상철","박기혁"
"home283",2015-06-09,"롯데","린드블럼","아두치","정훈","황재균","최준석","강민호","박종윤","김민하","임재철","문규현"
"away284",2015-06-09,"NC","이재학","박민우","김종호","나성범","테임즈","이호준","이종욱","지석훈","손시헌","김태군"
"home284",2015-06-09,"SK","박종훈","이명기","박계현","이재원","브라운","김강민","박정권","나주환","정상호","김성현"
"away285",2015-06-09,"두산","유희관","민병헌","정수빈","김현수","로메로","오재원","양의지","정진호","오재일","김재호"
"home285",2015-06-09,"LG","루카스","오지환","김용의","정성훈","한나한","박용택","이병규","양석환","유강남","황목치승"
"away286",2015-06-09,"넥센","한현희","김하성","고종욱","스나이더","박병호","유한준","김민성","이택근","윤석민","박동원"
"home286",2015-06-09,"KIA","험버","신종길","김원섭","김주찬","필","이범호","최용규","박준태","강한울","이성우"
"away287",2015-06-10,"한화","안영명","이용규","강경학","정근우","김태균","최진행","신성현","주현상","허도환","송주호"
"home287",2015-06-10,"삼성","차우찬","나바로","박한이","채태인","최형우","박석민","이승엽","박해민","이흥련","김상수"
"away288",2015-06-10,"kt","옥스프링","이대형","하준호","마르테","댄블랙","장성호","김상현","장성우","박경수","박기혁"
"home288",2015-06-10,"롯데","김승회","아두치","정훈","황재균","최준석","강민호","박종윤","김문호","오현근","문규현"
"away289",2015-06-10,"NC","이태양","박민우","김종호","나성범","테임즈","이호준","이종욱","모창민","지석훈","김태군"
"home289",2015-06-10,"SK","켈리","이명기","박계현","이재원","브라운","김강민","박정권","나주환","정상호","김성현"
"away290",2015-06-10,"두산","장원준","민병헌","정수빈","김현수","로메로","양의지","홍성흔","허경민","오재일","김재호"
"home290",2015-06-10,"LG","류제국","정성훈","채은성","박용택","한나한","이병규","양석환","백창수","유강남","오지환"
"away291",2015-06-10,"넥센","김택형","김하성","박헌도","이택근","박병호","유한준","김민성","윤석민","박동원","김지수"
"home291",2015-06-10,"KIA","양현종","나지완","김다원","김주찬","필","김주형","최용규","김호령","이성우","강한울"
"away292",2015-06-11,"한화","유먼","이용규","강경학","정근우","김태균","최진행","이성열","신성현","조인성","주현상"
"home292",2015-06-11,"삼성","클로이드","나바로","박한이","채태인","최형우","박석민","이승엽","박해민","이지영","김상수"
"away293",2015-06-11,"kt","엄상백","이대형","박경수","마르테","댄블랙","김상현","장성우","윤요섭","배병옥","박기혁"
"home293",2015-06-11,"롯데","레일리","아두치","정훈","황재균","최준석","강민호","김문호","박종윤","오현근","문규현"
"away294",2015-06-11,"두산","진야곱","정수빈","허경민","김현수","로메로","양의지","홍성흔","장민석","오재일","김재호"
"home294",2015-06-11,"LG","소사","정성훈","채은성","박용택","한나한","이병규","양석환","백창수","유강남","오지환"
"away295",2015-06-11,"넥센","피어밴드","김하성","고종욱","이택근","박병호","유한준","김민성","윤석민","문우람","박동원"
"home295",2015-06-11,"KIA","스틴슨","김호령","김다원","김주찬","필","나지완","김주형","이홍구","최용규","강한울"
"away296",2015-06-12,"LG","장진용","정성훈","김용의","박용택","한나한","이병규","양석환","황목치승","조윤준","오지환"
"home296",2015-06-12,"한화","배영수","이용규","강경학","정근우","김태균","최진행","이성열","신성현","주현상","허도환"
"away297",2015-06-12,"롯데","이상화","정훈","김문호","아두치","황재균","강민호","최준석","박종윤","오현근","김대륙"
"home297",2015-06-12,"SK","밴와트","이명기","박재상","이재원","조동화","박정권","김강민","나주환","박계현","박진만"
"away298",2015-06-12,"NC","손민한","박민우","김종호","나성범","테임즈","이호준","이종욱","지석훈","모창민","김태군"
"home298",2015-06-12,"두산","마야","민병헌","정수빈","김현수","로메로","양의지","홍성흔","허경민","오재일","김재호"
"away299",2015-06-12,"삼성","피가로","나바로","박한이","채태인","최형우","박석민","이승엽","박해민","이지영","김상수"
"home299",2015-06-12,"KIA","유창식","신종길","김호령","김주찬","필","김원섭","이범호","이홍구","최용규","강한울"
"away300",2015-06-12,"넥센","밴헤켄","김하성","고종욱","이택근","박병호","유한준","김민성","윤석민","서동욱","박동원"
"home300",2015-06-12,"kt","어윈","이대형","하준호","마르테","댄블랙","김상현","장성우","박경수","신명철","박기혁"
"away301",2015-06-13,"LG","우규민","김용의","황목치승","박용택","한나한","이병규","양석환","채은성","유강남","김영관"
"home301",2015-06-13,"한화","송창식","이용규","강경학","정근우","김태균","김태완","이성열","최진행","김회성","허도환"
"away302",2015-06-13,"롯데","송승준","정훈","김주현","아두치","황재균","강민호","최준석","박종윤","김문호","김대륙"
"home302",2015-06-13,"SK","김광현","이명기","조동화","이재원","브라운","박정권","김강민","나주환","박계현","박진만"
"away303",2015-06-13,"NC","해커","박민우","김종호","나성범","테임즈","이호준","이종욱","지석훈","최재원","김태군"
"home303",2015-06-13,"두산","허준혁","민병헌","정수빈","김현수","로메로","양의지","홍성흔","오재일","허경민","김재호"
"away304",2015-06-13,"삼성","장원삼","나바로","박한이","채태인","최형우","박석민","이승엽","박해민","이흥련","김재현"
"home304",2015-06-13,"KIA","김진우","김주찬","김호령","필","나지완","이범호","김다원","최용규","이홍구","강한울"
"away305",2015-06-13,"넥센","송신영","김하성","유재신","박헌도","박병호","유한준","김민성","윤석민","박동원","김지수"
"home305",2015-06-13,"kt","정성곤","이대형","하준호","마르테","댄블랙","장성우","박경수","김상현","김진곤","박기혁"
"away306",2015-06-14,"LG","루카스","정성훈","김용의","박용택","나성용","이병규","양석환","오지환","유강남","황목치승"
"home306",2015-06-14,"한화","탈보트","이용규","강경학","정근우","김태균","최진행","김회성","김태완","고동진","허도환"
"away307",2015-06-14,"롯데","린드블럼","정훈","김문호","아두치","황재균","강민호","최준석","박종윤","오현근","김대륙"
"home307",2015-06-14,"SK","박종훈","이명기","조동화","이재원","브라운","박정권","김강민","나주환","박계현","박진만"
"away308",2015-06-14,"NC","이재학","박민우","김종호","나성범","테임즈","이호준","이종욱","지석훈","노진혁","김태군"
"home308",2015-06-14,"두산","유희관","민병헌","정수빈","김현수","로메로","오재원","홍성흔","양의지","오재일","김재호"
"away309",2015-06-14,"넥센","김정훈","김하성","유재신","박헌도","박병호","유한준","김민성","윤석민","박동원","김지수"
"home309",2015-06-14,"kt","김민수","이대형","하준호","마르테","댄블랙","장성호","김상현","박경수","윤요섭","박기혁"
"away310",2015-06-16,"KIA","양현종","김주찬","강한울","필","나지완","김원섭","이범호","최용규","김호령","이성우"
"home310",2015-06-16,"LG","류제국","박용택","황목치승","정성훈","이병규","양석환","나성용","오지환","유강남","문선재"
"away311",2015-06-16,"롯데","박세웅","정훈","김주현","아두치","황재균","강민호","최준석","김문호","안중열","김대륙"
"home311",2015-06-16,"넥센","김택형","김하성","고종욱","문우람","박병호","유한준","김민성","윤석민","박헌도","박동원"
"away312",2015-06-16,"NC","이태양","박민우","김종호","나성범","테임즈","이호준","이종욱","지석훈","손시헌","김태군"
"home312",2015-06-16,"kt","정대현","이대형","하준호","마르테","댄블랙","김상현","박경수","장성우","신명철","박기혁"
"away313",2015-06-16,"두산","장원준","민병헌","정수빈","김현수","로메로","오재원","홍성흔","양의지","오재일","김재호"
"home313",2015-06-16,"삼성","윤성환","나바로","박한이","채태인","최형우","박석민","이승엽","박해민","이지영","김상수"
"away314",2015-06-16,"SK","윤희상","이명기","조동화","이재원","브라운","박정권","김강민","나주환","박계현","박진만"
"home314",2015-06-16,"한화","안영명","이용규","강경학","정근우","김태균","최진행","김태완","고동진","주현상","허도환"
"away315",2015-06-17,"KIA","스틴슨","김주찬","김원섭","필","나지완","이범호","이홍구","김호령","최용규","강한울"
"home315",2015-06-17,"LG","소사","박용택","김용의","정성훈","히메네스","이병규","양석환","오지환","유강남","황목치승"
"away316",2015-06-17,"롯데","이상화","정훈","아두치","황재균","최준석","강민호","손용석","김주현","김문호","문규현"
"home316",2015-06-17,"넥센","피어밴드","김하성","고종욱","서건창","박병호","유한준","김민성","윤석민","문우람","유선정"
"away317",2015-06-17,"NC","이민호","박민우","김종호","나성범","조영훈","이호준","이종욱","지석훈","손시헌","김태군"
"home317",2015-06-17,"kt","옥스프링","하준호","이대형","마르테","댄블랙","김상현","장성우","박경수","김사연","박기혁"
"away318",2015-06-17,"두산","진야곱","민병헌","정수빈","김현수","로메로","양의지","홍성흔","오재원","허경민","김재호"
"home318",2015-06-17,"삼성","차우찬","박한이","박석민","채태인","최형우","나바로","이승엽","김상수","이지영","박해민"
"away319",2015-06-17,"SK","켈리","이명기","김강민","이재원","브라운","박정권","나주환","정상호","박계현","김연훈"
"home319",2015-06-17,"한화","유먼","이용규","강경학","정근우","김태균","최진행","고동진","신성현","주현상","허도환"
"away320",2015-06-18,"KIA","서재응","신종길","김호령","김주찬","나지완","이범호","김주형","최용규","이성우","강한울"
"home320",2015-06-18,"LG","임정우","김용의","오지환","박용택","히메네스","이병규","양석환","문선재","유강남","백창수"
"away321",2015-06-18,"롯데","송승준","정훈","아두치","황재균","최준석","강민호","손용석","김주현","김문호","문규현"
"home321",2015-06-18,"넥센","밴헤켄","김하성","고종욱","문우람","박병호","유한준","김민성","박헌도","김지수","박동원"
"away322",2015-06-18,"NC","손민한","박민우","김성욱","나성범","모창민","이호준","이종욱","지석훈","손시헌","김태군"
"home322",2015-06-18,"kt","정성곤","이대형","하준호","마르테","댄블랙","김상현","장성우","박경수","김사연","박기혁"
"away323",2015-06-18,"두산","김수완","민병헌","정수빈","김현수","로메로","오재원","홍성흔","양의지","오재일","김재호"
"home323",2015-06-18,"삼성","클로이드","박한이","구자욱","채태인","최형우","나바로","이승엽","백상원","이지영","김상수"
"away324",2015-06-18,"SK","밴와트","이명기","박계현","김강민","브라운","이재원","박정권","나주환","정상호","김연훈"
"home324",2015-06-18,"한화","송창식","이용규","강경학","정근우","김태균","최진행","김태완","고동진","허도환","주현상"
"away325",2015-06-19,"한화","배영수","정근우","강경학","이성열","김태균","최진행","김태완","고동진","주현상","정범모"
"home325",2015-06-19,"NC","해커","박민우","김종호","나성범","테임즈","이호준","이종욱","지석훈","손시헌","김태군"
"away326",2015-06-19,"kt","엄상백","이대형","하준호","마르테","댄블랙","김상현","장성호","장성우","박경수","박기혁"
"home326",2015-06-19,"KIA","김진우","신종길","김원섭","김주찬","필","이범호","나지완","이홍구","최용규","이인행"
"away327",2015-06-19,"LG","우규민","박용택","김용의","정성훈","히메네스","오지환","양석환","문선재","유강남","황목치승"
"home327",2015-06-19,"넥센","송신영","김하성","고종욱","서건창","박병호","유한준","김민성","문우람","박동원","김지수"
"away328",2015-06-19,"롯데","레일리","정훈","아두치","황재균","최준석","강민호","손용석","김문호","백민기","문규현"
"home328",2015-06-19,"두산","허준혁","민병헌","정수빈","김현수","로메로","홍성흔","오재원","허경민","최재훈","김재호"
"away329",2015-06-19,"삼성","피가로","박한이","구자욱","나바로","최형우","이승엽","김정혁","이영욱","이지영","김상수"
"home329",2015-06-19,"SK","김광현","이명기","조동화","김강민","브라운","이재원","박정권","나주환","박계현","박진만"
"away330",2015-06-20,"한화","탈보트","이용규","강경학","정근우","김태균","김태완","최진행","고동진","신성현","허도환"
"home330",2015-06-20,"NC","이재학","박민우","김종호","나성범","테임즈","이호준","이종욱","지석훈","손시헌","김태군"
"away331",2015-06-21,"한화","안영명","이용규","한상훈","이성열","김태균","정근우","강경학","최진행","고동진","정범모"
"home331",2015-06-21,"NC","이태양","박민우","김종호","나성범","테임즈","이호준","이종욱","지석훈","손시헌","김태군"
"away332",2015-06-21,"kt","주권","김사연","이대형","마르테","댄블랙","김상현","장성우","윤요섭","박경수","박기혁"
"home332",2015-06-21,"KIA","양현종","신종길","최용규","김주찬","필","이범호","나지완","김호령","이성우","강한울"
"away333",2015-06-21,"LG","류제국","박용택","김용의","서상우","히메네스","오지환","이병규","양석환","유강남","박지규"
"home333",2015-06-21,"넥센","한현희","김하성","고종욱","스나이더","박병호","유한준","김민성","서건창","윤석민","박동원"
"away334",2015-06-21,"롯데","린드블럼","정훈","아두치","황재균","최준석","강민호","손용석","김문호","백민기","문규현"
"home334",2015-06-21,"두산","유희관","민병헌","정수빈","김현수","로메로","오재원","홍성흔","허경민","최재훈","김재호"
"away335",2015-06-21,"삼성","윤성환","박한이","박해민","나바로","최형우","이승엽","구자욱","김정혁","이지영","김상수"
"home335",2015-06-21,"SK","윤희상","조동화","박계현","김강민","브라운","이재원","박정권","박재상","나주환","김연훈"
"away336",2015-06-23,"KIA","스틴슨","신종길","최용규","김주찬","필","김원섭","이범호","이홍구","강한울","김호령"
"home336",2015-06-23,"NC","스튜어트","박민우","김종호","나성범","테임즈","이호준","이종욱","지석훈","손시헌","김태군"
"away337",2015-06-23,"LG","소사","박용택","김용의","정성훈","히메네스","오지환","양석환","문선재","유강남","박지규"
"home337",2015-06-23,"kt","옥스프링","이대형","오정복","마르테","댄블랙","김상현","장성우","박경수","박기혁","하준호"
"away338",2015-06-23,"SK","켈리","김강민","이명기","최정","브라운","이재원","박정권","정상호","나주환","김연훈"
"home338",2015-06-23,"두산","장원준","민병헌","정수빈","김현수","로메로","오재원","홍성흔","양의지","허경민","김재호"
"away339",2015-06-23,"삼성","차우찬","박한이","구자욱","채태인","최형우","나바로","이승엽","박해민","이지영","김상수"
"home339",2015-06-23,"롯데","이상화","아두치","손용석","황재균","최준석","강민호","정훈","김문호","김주현","문규현"
"away340",2015-06-23,"넥센","피어밴드","유재신","스나이더","윤석민","박병호","유한준","김민성","홍성갑","박동원","김지수"
"home340",2015-06-23,"한화","유먼","이용규","장운호","정근우","김태균","최진행","김태완","정범모","한상훈","권용관"
"away341",2015-06-24,"KIA","서재응","신종길","김민우","김주찬","필","이범호","나지완","김원섭","이성우","강한울"
"home341",2015-06-24,"NC","손민한","박민우","김종호","나성범","테임즈","이호준","이종욱","지석훈","손시헌","김태군"
"away342",2015-06-24,"LG","임정우","박용택","문선재","정성훈","히메네스","오지환","양석환","채은성","유강남","백창수"
"home342",2015-06-24,"kt","정대현","이대형","오정복","마르테","댄블랙","김상현","장성우","박경수","박기혁","하준호"
"away343",2015-06-24,"SK","박종훈","이명기","조동화","최정","브라운","이재원","김강민","나주환","정상호","김성현"
"home343",2015-06-24,"두산","스와잭","민병헌","정수빈","김현수","로메로","오재원","홍성흔","양의지","정진호","김재호"
"away344",2015-06-24,"삼성","김건한","박한이","구자욱","채태인","최형우","나바로","이승엽","박해민","이지영","김상수"
"home344",2015-06-24,"롯데","송승준","아두치","김문호","황재균","최준석","강민호","정훈","박종윤","이우민","오승택"
"away345",2015-06-25,"LG","우규민","박용택","문선재","정성훈","히메네스","오지환","채은성","김용의","유강남","백창수"
"home345",2015-06-25,"kt","어윈","이대형","오정복","마르테","댄블랙","장성우","김상현","박경수","박기혁","하준호"
"away346",2015-06-25,"SK","밴와트","이명기","나주환","최정","브라운","이재원","김강민","박진만","정상호","김성현"
"home346",2015-06-25,"두산","진야곱","민병헌","정수빈","김현수","로메로","오재원","홍성흔","양의지","허경민","김재호"
"away347",2015-06-26,"한화","탈보트","이용규","장운호","김태완","김태균","정근우","이성열","권용관","주현상","허도환"
"home347",2015-06-26,"SK","김광현","이명기","조동화","최정","이재원","김강민","박정권","박윤","나주환","김성현"
"away348",2015-06-26,"kt","엄상백","이대형","오정복","마르테","댄블랙","장성우","김상현","윤요섭","박경수","박기혁"
"home348",2015-06-26,"삼성","피가로","박한이","구자욱","채태인","최형우","나바로","이승엽","박해민","이지영","김상수"
"away349",2015-06-26,"NC","해커","박민우","김종호","나성범","테임즈","이호준","이종욱","지석훈","손시헌","김태군"
"home349",2015-06-26,"LG","루카스","박용택","문선재","정성훈","히메네스","오지환","채은성","김용의","유강남","백창수"
"away350",2015-06-26,"두산","허준혁","민병헌","정수빈","김현수","로메로","오재원","홍성흔","양의지","김재환","허경민"
"home350",2015-06-26,"KIA","험버","신종길","김민우","필","나지완","이범호","김다원","김호령","이성우","강한울"
"away351",2015-06-26,"넥센","김택형","서건창","고종욱","스나이더","박병호","유한준","김민성","윤석민","김하성","박동원"
"home351",2015-06-26,"롯데","린드블럼","아두치","오승택","황재균","최준석","강민호","정훈","김문호","박종윤","이우민"
"away352",2015-06-27,"한화","안영명","이용규","장운호","이성열","김태균","정근우","한상훈","권용관","주현상","허도환"
"home352",2015-06-27,"SK","윤희상","이명기","조동화","최정","이재원","정상호","박윤","김성현","김연훈","윤중환"
"away353",2015-06-27,"kt","윤근영","이대형","오정복","마르테","댄블랙","김상현","장성우","하준호","박경수","박기혁"
"home353",2015-06-27,"삼성","윤성환","박한이","구자욱","채태인","최형우","나바로","이승엽","박해민","이지영","김상수"
"away354",2015-06-27,"NC","이재학","박민우","김종호","나성범","테임즈","이호준","이종욱","지석훈","손시헌","김태군"
"home354",2015-06-27,"LG","류제국","박용택","김용의","정성훈","히메네스","오지환","서상우","문선재","유강남","박지규"
"away355",2015-06-27,"두산","유희관","민병헌","정수빈","김현수","로메로","양의지","오재원","허경민","김재환","김재호"
"home355",2015-06-27,"KIA","양현종","김민우","김호령","김주찬","필","나지완","이범호","박준태","박찬호","이성우"
"away356",2015-06-27,"넥센","밴헤켄","서건창","문우람","스나이더","박병호","유한준","김민성","윤석민","김하성","박동원"
"home356",2015-06-27,"롯데","김승회","아두치","오승택","황재균","최준석","강민호","정훈","김문호","박종윤","이우민"
"away357",2015-06-28,"한화","송창식","이용규","장운호","김태균","이종환","이시찬","이성열","권용관","주현상","허도환"
"home357",2015-06-28,"SK","켈리","이명기","조동화","최정","브라운","이재원","박진만","김성현","윤중환","김연훈"
"away358",2015-06-28,"kt","옥스프링","오정복","김사연","마르테","댄블랙","김상현","장성우","박경수","박기혁","이대형"
"home358",2015-06-28,"삼성","차우찬","박한이","구자욱","채태인","최형우","나바로","이승엽","박해민","이지영","김상수"
"away359",2015-06-28,"NC","스튜어트","박민우","김종호","나성범","테임즈","조영훈","이종욱","지석훈","손시헌","김태군"
"home359",2015-06-28,"LG","소사","박용택","김용의","정성훈","히메네스","오지환","양석환","채은성","유강남","박지규"
"away360",2015-06-28,"두산","장원준","민병헌","정수빈","김현수","로메로","오재원","양의지","허경민","김재환","김재호"
"home360",2015-06-28,"KIA","스틴슨","김주찬","김민우","필","나지완","이범호","김다원","이홍구","최용규","김호령"
"away361",2015-06-28,"넥센","한현희","서건창","고종욱","스나이더","박병호","유한준","김민성","윤석민","김하성","박동원"
"home361",2015-06-28,"롯데","이상화","아두치","김문호","황재균","최준석","박종윤","오승택","이우민","김준태","오윤석"
"away362",2015-07-01,"한화","유먼","이용규","장운호","한상훈","김태균","이시찬","이성열","주현상","권용관","허도환"
"home362",2015-07-01,"KIA","임준혁","신종길","김민우","김주찬","필","이범호","김다원","최용규","이홍구","김호령"
"away363",2015-07-01,"kt","정대현","오정복","이대형","마르테","댄블랙","김상현","장성우","하준호","문상철","박기혁"
"home363",2015-07-01,"SK","밴와트","김강민","이명기","최정","이재원","브라운","나주환","박진만","정상호","김성현"
"away364",2015-07-01,"LG","우규민","박용택","김용의","정성훈","히메네스","오지환","양석환","문선재","최경철","박지규"
"home364",2015-07-01,"두산","스와잭","정수빈","정진호","김현수","로메로","오재원","양의지","김재환","허경민","김재호"
"away365",2015-07-01,"롯데","레일리","아두치","김문호","황재균","최준석","박종윤","오승택","이우민","김준태","손용석"
"home365",2015-07-01,"NC","이태양","박민우","김종호","나성범","테임즈","이호준","이종욱","지석훈","손시헌","김태군"
"away366",2015-07-01,"삼성","클로이드","박한이","박석민","채태인","최형우","나바로","이승엽","구자욱","이지영","김상수"
"home366",2015-07-01,"넥센","금민철","서건창","고종욱","스나이더","박병호","유한준","김민성","윤석민","김하성","박동원"
"away367",2015-07-02,"한화","탈보트","이용규","송주호","이성열","김태균","이종환","한상훈","권용관","주현상","조인성"
"home367",2015-07-02,"KIA","김병현","신종길","최용규","김주찬","필","김원섭","김민우","박준태","백용환","이인행"
"away368",2015-07-02,"kt","윤근영","오정복","김사연","마르테","댄블랙","김상현","윤요섭","장성우","문상철","박기혁"
"home368",2015-07-02,"SK","김광현","이명기","김연훈","이재원","최정","브라운","김강민","이대수","김성현","박진만"
"away369",2015-07-02,"LG","루카스","박용택","문선재","정성훈","히메네스","오지환","채은성","양석환","유강남","손주인"
"home369",2015-07-02,"두산","진야곱","민병헌","정수빈","김현수","로메로","양의지","홍성흔","최주환","허경민","김재호"
"away370",2015-07-02,"롯데","송승준","아두치","김문호","황재균","최준석","박종윤","오승택","이우민","김준태","손용석"
"home370",2015-07-02,"NC","해커","박민우","김종호","나성범","테임즈","이호준","이종욱","지석훈","손시헌","김태군"
"away371",2015-07-02,"삼성","피가로","박한이","박석민","채태인","최형우","나바로","이승엽","구자욱","이지영","김상수"
"home371",2015-07-02,"넥센","피어밴드","서건창","고종욱","스나이더","박병호","유한준","김민성","윤석민","김하성","유선정"
"away372",2015-07-03,"KIA","스틴슨","신종길","김민우","김주찬","필","이범호","김다원","이홍구","최용규","김호령"
"home372",2015-07-03,"kt","엄상백","오정복","이대형","마르테","댄블랙","장성우","하준호","김사연","문상철","박기혁"
"away373",2015-07-03,"LG","류제국","박용택","김용의","정성훈","히메네스","오지환","이진영","문선재","유강남","손주인"
"home373",2015-07-03,"삼성","윤성환","박한이","박해민","채태인","최형우","나바로","이승엽","박석민","이지영","백상원"
"away374",2015-07-03,"NC","이재학","박민우","김종호","나성범","테임즈","이호준","이종욱","지석훈","손시헌","김태군"
"home374",2015-07-03,"한화","안영명","이용규","송주호","이성열","김태균","이종환","정근우","권용관","주현상","조인성"
"away375",2015-07-03,"SK","박종훈","이명기","조동화","최정","브라운","이재원","김강민","박정권","나주환","김성현"
"home375",2015-07-03,"롯데","린드블럼","아두치","김문호","황재균","최준석","박종윤","오승택","손용석","김준태","이우민"
"away376",2015-07-03,"넥센","밴헤켄","서건창","고종욱","스나이더","박병호","유한준","김민성","윤석민","김하성","박동원"
"home376",2015-07-03,"두산","유희관","민병헌","정수빈","김현수","로메로","양의지","홍성흔","오재원","허경민","김재호"
"away377",2015-07-04,"KIA","양현종","신종길","김민우","김주찬","필","이범호","김원섭","최용규","이성우","김호령"
"home377",2015-07-04,"kt","주권","오정복","김사연","마르테","장성우","윤요섭","박경수","신명철","박기혁","이대형"
"away378",2015-07-04,"LG","소사","박용택","문선재","정성훈","히메네스","오지환","나성용","채은성","유강남","손주인"
"home378",2015-07-04,"삼성","차우찬","박한이","구자욱","나바로","최형우","박석민","이승엽","박해민","이지영","백상원"
"away379",2015-07-04,"NC","스튜어트","이종욱","김종호","나성범","테임즈","이호준","모창민","지석훈","손시헌","김태군"
"home379",2015-07-04,"한화","배영수","이용규","송주호","정근우","김태균","이종환","이성열","권용관","주현상","조인성"
"away380",2015-07-04,"SK","윤희상","이명기","조동화","최정","이재원","김강민","박정권","나주환","정상호","김성현"
"home380",2015-07-04,"롯데","김승회","아두치","김문호","황재균","최준석","박종윤","오승택","오윤석","안중열","이우민"
"away381",2015-07-04,"넥센","한현희","고종욱","스나이더","윤석민","박병호","유한준","김민성","박헌도","김하성","박동원"
"home381",2015-07-04,"두산","장원준","민병헌","정수빈","김현수","로메로","오재원","김재환","오재일","최재훈","김재호"
"away382",2015-07-05,"KIA","서재응","신종길","김원섭","김주찬","필","이범호","김민우","김다원","이성우","최용규"
"home382",2015-07-05,"kt","옥스프링","오정복","이대형","마르테","장성우","하준호","김사연","신명철","박경수","박기혁"
"away383",2015-07-05,"LG","임정우","박용택","이진영","정성훈","히메네스","오지환","양석환","문선재","유강남","손주인"
"home383",2015-07-05,"삼성","장원삼","구자욱","박해민","나바로","최형우","박석민","이승엽","백상원","이지영","최선호"
"away384",2015-07-05,"SK","켈리","이명기","조동화","최정","브라운","이재원","김강민","나주환","윤중환","김성현"
"home384",2015-07-05,"롯데","박세웅","아두치","김문호","황재균","최준석","박종윤","오승택","손용석","안중열","이우민"
"away385",2015-07-05,"넥센","김택형","고종욱","스나이더","윤석민","박병호","유한준","김민성","박헌도","김하성","박동원"
"home385",2015-07-05,"두산","허준혁","민병헌","박건우","김현수","로메로","양의지","허경민","고영민","유민상","김재호"
"away386",2015-07-07,"KIA","임준혁","신종길","김민우","김주찬","필","이범호","김주형","백용환","강한울","김호령"
"home386",2015-07-07,"넥센","송신영","서건창","고종욱","윤석민","박병호","유한준","김민성","스나이더","김하성","박동원"
"away387",2015-07-07,"롯데","레일리","아두치","김문호","황재균","최준석","박종윤","강민호","오승택","손용석","이우민"
"home387",2015-07-07,"LG","우규민","박용택","문선재","정성훈","히메네스","오지환","채은성","이진영","유강남","손주인"
"away388",2015-07-08,"KIA","박정수","신종길","김민우","김주형","필","이범호","김다원","백용환","이홍구","김호령"
"home388",2015-07-08,"넥센","피어밴드","고종욱","서건창","스나이더","박병호","김민성","윤석민","박헌도","김하성","박동원"
"away389",2015-07-08,"롯데","송승준","아두치","김문호","황재균","최준석","박종윤","강민호","오승택","김대륙","이우민"
"home389",2015-07-08,"LG","루카스","박용택","문선재","정성훈","히메네스","이진영","채은성","오지환","유강남","손주인"
"away390",2015-07-08,"두산","스와잭","민병헌","정수빈","김현수","로메로","오재원","양의지","허경민","유민상","김재호"
"home390",2015-07-08,"한화","탈보트","이용규","송주호","정근우","김태균","이종환","이성열","권용관","주현상","조인성"
"away391",2015-07-09,"KIA","홍건희","신종길","김민우","필","나지완","이범호","김다원","이홍구","박기남","김호령"
"home391",2015-07-09,"넥센","밴헤켄","고종욱","서건창","스나이더","박병호","유한준","김민성","윤석민","김하성","박동원"
"away392",2015-07-09,"kt","엄상백","김사연","이대형","마르테","댄블랙","장성우","윤요섭","박경수","박기혁","김진곤"
"home392",2015-07-09,"NC","해커","박민우","김종호","나성범","테임즈","이호준","이종욱","지석훈","손시헌","김태군"
"away393",2015-07-09,"롯데","린드블럼","아두치","김문호","황재균","최준석","박종윤","오승택","오현근","안중열","김대륙"
"home393",2015-07-09,"LG","류제국","박용택","문선재","정성훈","히메네스","이진영","양석환","오지환","유강남","손주인"
"away394",2015-07-09,"두산","유희관","민병헌","정수빈","김현수","로메로","오재원","양의지","유민상","허경민","김재호"
"home394",2015-07-09,"한화","안영명","이용규","장운호","정근우","김태균","이종환","신성현","권용관","조인성","송주호"
"away395",2015-07-09,"SK","김광현","이명기","조동화","이재원","브라운","김강민","나주환","윤중환","김연훈","김성현"
"home395",2015-07-09,"삼성","피가로","구자욱","박해민","나바로","최형우","박석민","이승엽","백상원","이지영","최선호"
"away396",2015-07-10,"한화","송창식","이용규","한상훈","정근우","김태균","이종환","이성열","권용관","조인성","송주호"
"home396",2015-07-10,"LG","소사","박용택","이민재","정성훈","히메네스","이진영","채은성","오지환","최경철","손주인"
"away397",2015-07-10,"KIA","스틴슨","신종길","김민우","필","나지완","이범호","이홍구","김다원","이호신","강한울"
"home397",2015-07-10,"SK","박종훈","이명기","조동화","최정","브라운","이재원","김강민","임훈","이대수","김성현"
"away398",2015-07-10,"NC","스튜어트","박민우","김종호","나성범","테임즈","이호준","이종욱","지석훈","손시헌","김태군"
"home398",2015-07-10,"넥센","한현희","고종욱","서건창","스나이더","박병호","유한준","김민성","윤석민","김하성","박동원"
"away399",2015-07-10,"두산","장원준","민병헌","정수빈","김현수","로메로","양의지","유민상","고영민","허경민","김재호"
"home399",2015-07-10,"롯데","김승회","아두치","오승택","황재균","최준석","손아섭","박종윤","문규현","안중열","김문호"
"away400",2015-07-10,"삼성","클로이드","구자욱","박해민","나바로","최형우","박석민","이승엽","백상원","이지영","최선호"
"home400",2015-07-10,"kt","정대현","이대형","김사연","마르테","댄블랙","장성우","신명철","박경수","박기혁","김민혁"
"away401",2015-07-11,"한화","유먼","이용규","장운호","정근우","김태균","이종환","이성열","권용관","주현상","허도환"
"home401",2015-07-11,"LG","장진용","문선재","양석환","정성훈","히메네스","오지환","채은성","정의윤","유강남","손주인"
"away402",2015-07-11,"KIA","서재응","신종길","김민우","필","나지완","이범호","김주형","김호령","백용환","강한울"
"home402",2015-07-11,"SK","켈리","이명기","조동화","최정","브라운","이재원","김강민","임훈","김연훈","나주환"
"away403",2015-07-11,"NC","이태양","박민우","김종호","나성범","테임즈","이호준","이종욱","지석훈","손시헌","김태군"
"home403",2015-07-11,"넥센","김택형","고종욱","서건창","스나이더","박병호","김민성","유한준","윤석민","김하성","박동원"
"away404",2015-07-11,"삼성","윤성환","구자욱","박해민","나바로","최형우","박석민","이승엽","백상원","이지영","최선호"
"home404",2015-07-11,"kt","옥스프링","이대형","김민혁","마르테","댄블랙","장성우","박경수","신명철","김사연","박기혁"
"away405",2015-07-14,"kt","저마노","이대형","김민혁","마르테","댄블랙","김상현","장성우","박경수","김사연","박기혁"
"home405",2015-07-14,"두산","스와잭","민병헌","정수빈","김현수","로메로","오재원","양의지","유민상","허경민","김재호"
"away406",2015-07-14,"LG","우규민","정성훈","오지환","이진영","히메네스","이병규","박용택","문선재","최경철","손주인"
"home406",2015-07-14,"KIA","임준혁","신종길","김민우","필","나지완","김다원","김주형","이홍구","김호령","강한울"
"away407",2015-07-14,"롯데","송승준","아두치","김문호","황재균","손아섭","최준석","박종윤","정훈","안중열","문규현"
"home407",2015-07-14,"한화","탈보트","이용규","장운호","정근우","김태균","이종환","이성열","권용관","주현상","조인성"
"away408",2015-07-14,"SK","윤희상","이명기","조동화","이재원","브라운","최정","김강민","임훈","김연훈","나주환"
"home408",2015-07-14,"NC","이재학","박민우","김종호","나성범","테임즈","이호준","이종욱","지석훈","손시헌","김태군"
"away409",2015-07-14,"넥센","피어밴드","고종욱","서건창","윤석민","박병호","김민성","유한준","박헌도","김하성","박동원"
"home409",2015-07-14,"삼성","차우찬","구자욱","박해민","나바로","최형우","박석민","이승엽","백상원","이지영","최선호"
"away410",2015-07-15,"kt","정대현","이대형","신명철","마르테","김상현","장성우","박경수","김사연","윤요섭","박기혁"
"home410",2015-07-15,"두산","유희관","민병헌","정수빈","김현수","로메로","양의지","오재원","고영민","허경민","김재호"
"away411",2015-07-15,"롯데","린드블럼","아두치","김문호","황재균","손아섭","최준석","박종윤","정훈","안중열","문규현"
"home411",2015-07-15,"한화","배영수","이용규","장운호","정근우","김태균","한상훈","이성열","김경언","권용관","조인성"
"away412",2015-07-15,"SK","세든","이명기","임훈","최정","브라운","이재원","김강민","나주환","정상호","김성현"
"home412",2015-07-15,"NC","해커","박민우","김성욱","나성범","테임즈","이호준","이종욱","지석훈","손시헌","김태군"
"away413",2015-07-15,"넥센","밴헤켄","고종욱","서건창","스나이더","박병호","김민성","유한준","윤석민","김하성","박동원"
"home413",2015-07-15,"삼성","피가로","구자욱","박해민","나바로","최형우","박석민","이승엽","백상원","이지영","최선호"
"away414",2015-07-16,"kt","옥스프링","김사연","박경수","마르테","김상현","장성우","윤요섭","박기혁","배병옥","이대형"
"home414",2015-07-16,"두산","장원준","민병헌","정수빈","김현수","로메로","오재원","양의지","오재일","허경민","김재호"
"away415",2015-07-16,"LG","류제국","박용택","문선재","정성훈","히메네스","정의윤","이진영","오지환","최경철","손주인"
"home415",2015-07-16,"KIA","양현종","김주찬","신종길","필","나지완","이범호","김민우","백용환","김호령","강한울"
"away416",2015-07-16,"롯데","레일리","아두치","김문호","황재균","손아섭","최준석","박종윤","정훈","안중열","김대륙"
"home416",2015-07-16,"한화","안영명","이용규","장운호","정근우","김태균","이종환","권용관","조인성","주현상","송주호"
"away417",2015-07-16,"SK","켈리","이명기","조동화","최정","이재원","김강민","브라운","임훈","나주환","김성현"
"home417",2015-07-16,"NC","스튜어트","김태진","김종호","나성범","테임즈","이호준","이종욱","지석훈","손시헌","김태군"
"away418",2015-07-16,"넥센","김택형","고종욱","스나이더","서건창","박병호","김민성","유한준","윤석민","김하성","박동원"
"home418",2015-07-16,"삼성","클로이드","구자욱","박해민","나바로","최형우","박석민","이승엽","백상원","이지영","이영욱"
"away419",2015-07-18,"드림","유희관","민병헌","황재균","나바로","최형우","이승엽","김현수","구자욱","강민호","김상수"
"home419",2015-07-18,"나눔","양현종","이용규","정근우","김주찬","테임즈","이호준","유한준","김민성","김하성","김태군"
"away420",2015-07-21,"한화","탈보트","이용규","장운호","정근우","김태균","이종환","고동진","강경학","주현상","조인성"
"home420",2015-07-21,"kt","저마노","오정복","이대형","마르테","김상현","장성우","장성호","박경수","박기혁","김사연"
"away421",2015-07-21,"KIA","스틴슨","김주찬","신종길","필","나지완","이범호","김민우","이홍구","김호령","이인행"
"home421",2015-07-21,"삼성","윤성환","구자욱","박해민","채태인","최형우","나바로","이승엽","박석민","이지영","김상수"
"away422",2015-07-21,"NC","스튜어트","박민우","김종호","나성범","테임즈","이호준","이종욱","지석훈","손시헌","김태군"
"home422",2015-07-21,"롯데","레일리","손아섭","김문호","황재균","아두치","최준석","강민호","박종윤","정훈","문규현"
"away423",2015-07-21,"두산","스와잭","민병헌","정수빈","김현수","로메로","양의지","오재원","허경민","박건우","김재호"
"home423",2015-07-21,"SK","세든","이명기","조동화","최정","이재원","브라운","김강민","이대수","정상호","김성현"
"away424",2015-07-21,"넥센","밴헤켄","고종욱","임병욱","서건창","박병호","김민성","유한준","스나이더","김하성","박동원"
"home424",2015-07-21,"LG","우규민","정성훈","오지환","이진영","히메네스","정의윤","박용택","문선재","최경철","손주인"
"away425",2015-07-22,"한화","안영명","이용규","장운호","정근우","김태균","이종환","이성열","강경학","주현상","조인성"
"home425",2015-07-22,"kt","엄상백","오정복","이대형","마르테","김상현","장성우","박경수","박기혁","신명철","김사연"
"away426",2015-07-22,"KIA","임기준","김주찬","신종길","필","나지완","이범호","백용환","김민우","김호령","이인행"
"home426",2015-07-22,"삼성","피가로","구자욱","박해민","나바로","최형우","채태인","이승엽","박석민","이지영","김상수"
"away427",2015-07-22,"NC","해커","박민우","김종호","나성범","테임즈","김성욱","이종욱","지석훈","손시헌","김태군"
"home427",2015-07-22,"롯데","송승준","손아섭","김문호","황재균","아두치","최준석","강민호","박종윤","정훈","문규현"
"away428",2015-07-22,"두산","장원준","민병헌","허경민","김현수","로메로","오재원","양의지","오재일","박건우","김재호"
"home428",2015-07-22,"SK","박종훈","이명기","조동화","최정","이재원","김강민","브라운","김성현","정상호","김연훈"
"away429",2015-07-22,"넥센","문성현","고종욱","서건창","유한준","박병호","김민성","윤석민","스나이더","김하성","박동원"
"home429",2015-07-22,"LG","루카스","정성훈","오지환","이진영","히메네스","이병규","박용택","문선재","유강남","박지규"
"away430",2015-07-23,"KIA","양현종","신종길","김민우","김주찬","필","이범호","김다원","백용환","박찬호","김호령"
"home430",2015-07-23,"삼성","차우찬","구자욱","박해민","나바로","최형우","채태인","이승엽","박석민","이지영","김상수"
"away431",2015-07-23,"NC","이태양","김종호","김성욱","나성범","테임즈","조영훈","모창민","지석훈","손시헌","김태군"
"home431",2015-07-23,"롯데","심수창","손아섭","김문호","정훈","아두치","최준석","강민호","박종윤","손용석","문규현"
"away432",2015-07-23,"두산","유희관","민병헌","허경민","김현수","로메로","오재원","양의지","오재일","박건우","김재호"
"home432",2015-07-23,"SK","켈리","이명기","임훈","최정","브라운","이재원","김강민","박정권","나주환","김성현"
"away433",2015-07-24,"롯데","린드블럼","손아섭","김문호","황재균","아두치","최준석","강민호","박종윤","정훈","문규현"
"home433",2015-07-24,"KIA","임준혁","김주찬","이인행","필","나지완","이범호","김원섭","김민우","백용환","김호령"
"away434",2015-07-24,"두산","허준혁","민병헌","허경민","김현수","로메로","오재원","양의지","오재일","박건우","김재호"
"home434",2015-07-24,"NC","손민한","박민우","김종호","나성범","테임즈","김성욱","조영훈","모창민","지석훈","김태군"
"away435",2015-07-24,"삼성","클로이드","구자욱","박해민","나바로","최형우","채태인","이승엽","박석민","이지영","김상수"
"home435",2015-07-24,"한화","배영수","이용규","강경학","정근우","김태균","이성열","정범모","장운호","고동진","주현상"
"away436",2015-07-25,"롯데","박세웅","손아섭","김문호","황재균","아두치","최준석","강민호","박종윤","정훈","김대륙"
"home436",2015-07-25,"KIA","박정수","신종길","김원섭","김주찬","필","이범호","나지완","김민우","백용환","이인행"
"away437",2015-07-25,"두산","진야곱","민병헌","정수빈","김현수","로메로","오재원","양의지","허경민","오재일","김재호"
"home437",2015-07-25,"NC","이재학","박민우","김종호","나성범","테임즈","이호준","이종욱","지석훈","손시헌","김태군"
"away438",2015-07-25,"삼성","장원삼","구자욱","박해민","나바로","최형우","채태인","이승엽","박석민","이흥련","김상수"
"home438",2015-07-25,"한화","김민우","이용규","장운호","정근우","김태균","이성열","신성현","주현상","권용관","조인성"
"away439",2015-07-26,"kt","정대현","오정복","이대형","마르테","김상현","장성우","박경수","신명철","김사연","박기혁"
"home439",2015-07-26,"LG","우규민","정성훈","오지환","이진영","히메네스","이병규","박용택","문선재","유강남","손주인"
"away440",2015-07-26,"롯데","레일리","손아섭","김문호","황재균","아두치","최준석","강민호","박종윤","정훈","김대륙"
"home440",2015-07-26,"KIA","스틴슨","김주찬","김민우","필","나지완","이범호","김다원","이홍구","황대인","김호령"
"away441",2015-07-26,"두산","스와잭","민병헌","허경민","김현수","로메로","오재원","양의지","오재일","박건우","김재호"
"home441",2015-07-26,"NC","스튜어트","박민우","김종호","나성범","테임즈","이호준","이종욱","지석훈","손시헌","김태군"
"away442",2015-07-26,"SK","세든","이명기","김강민","최정","브라운","이재원","박정권","나주환","정상호","김성현"
"home442",2015-07-26,"넥센","피어밴드","고종욱","유재신","유한준","박병호","김민성","윤석민","박헌도","김하성","박동원"
"away443",2015-07-26,"삼성","윤성환","구자욱","박해민","나바로","최형우","채태인","이승엽","박석민","이지영","김상수"
"home443",2015-07-26,"한화","탈보트","이용규","장운호","정근우","김태균","김경언","고동진","권용관","주현상","조인성"
"away444",2015-07-28,"한화","송은범","이용규","장운호","정근우","김태균","김경언","이성열","권용관","조인성","주현상"
"home444",2015-07-28,"두산","장원준","민병헌","허경민","김현수","로메로","양의지","오재일","최주환","박건우","김재호"
"away445",2015-07-28,"kt","옥스프링","오정복","박기혁","박경수","마르테","장성우","김상현","윤요섭","모상기","이대형"
"home445",2015-07-28,"넥센","밴헤켄","고종욱","스나이더","유한준","박병호","김민성","윤석민","서건창","김하성","박동원"
"away446",2015-07-28,"LG","루카스","정성훈","임훈","이진영","히메네스","오지환","박용택","나성용","유강남","손주인"
"home446",2015-07-28,"롯데","송승준","손아섭","정훈","황재균","아두치","최준석","강민호","박종윤","이우민","김대륙"
"away447",2015-07-28,"NC","해커","박민우","김종호","나성범","테임즈","이호준","이종욱","지석훈","손시헌","김태군"
"home447",2015-07-28,"삼성","피가로","구자욱","박해민","나바로","최형우","채태인","이승엽","박석민","이지영","김상수"
"away448",2015-07-28,"SK","김광현","이명기","김강민","최정","브라운","이재원","박정권","정의윤","나주환","김성현"
"home448",2015-07-28,"KIA","임준혁","김주찬","김민우","필","이범호","나지완","김다원","백용환","황대인","김호령"
"away449",2015-07-29,"한화","배영수","이용규","장운호","정근우","김태균","김경언","조인성","권용관","이성열","주현상"
"home449",2015-07-29,"두산","유희관","민병헌","허경민","김현수","로메로","양의지","오재일","최주환","정진호","김재호"
"away450",2015-07-29,"kt","저마노","오정복","이대형","장성호","마르테","장성우","박경수","모상기","박기혁","김민혁"
"home450",2015-07-29,"넥센","송신영","고종욱","스나이더","유한준","박병호","김민성","윤석민","서건창","김하성","박동원"
"away451",2015-07-29,"LG","류제국","정성훈","임훈","이진영","나성용","오지환","박용택","양석환","유강남","박지규"
"home451",2015-07-29,"롯데","린드블럼","손아섭","정훈","황재균","아두치","최준석","강민호","박종윤","오현근","김대륙"
"away452",2015-07-29,"NC","이승호","최재원","김성욱","모창민","테임즈","이호준","이종욱","지석훈","손시헌","용덕한"
"home452",2015-07-29,"삼성","차우찬","구자욱","박해민","나바로","최형우","박석민","이승엽","채태인","이흥련","김상수"
"away453",2015-07-29,"SK","윤희상","브라운","이명기","최정","정의윤","이재원","김강민","나주환","정상호","김성현"
"home453",2015-07-29,"KIA","양현종","신종길","김원섭","필","이범호","나지완","김민우","백용환","김호령","박찬호"
"away454",2015-07-30,"한화","김민우","이용규","강경학","정근우","김태균","김경언","조인성","장운호","주현상","신성현"
"home454",2015-07-30,"두산","허준혁","민병헌","허경민","오재원","로메로","양의지","오재일","정진호","박건우","김재호"
"away455",2015-07-30,"kt","엄상백","오정복","이대형","장성호","마르테","장성우","박경수","김상현","박기혁","김사연"
"home455",2015-07-30,"넥센","문성현","고종욱","스나이더","유한준","박병호","김민성","윤석민","서건창","김하성","박동원"
"away456",2015-07-30,"LG","소사","정성훈","임훈","박용택","히메네스","이진영","오지환","문선재","최경철","손주인"
"home456",2015-07-30,"롯데","심수창","손아섭","정훈","오승택","아두치","최준석","박종윤","안중열","이우민","문규현"
"away457",2015-07-30,"NC","이민호","박민우","김종호","나성범","테임즈","이호준","이종욱","지석훈","손시헌","김태군"
"home457",2015-07-30,"삼성","클로이드","구자욱","박해민","나바로","최형우","박석민","이승엽","박찬도","이지영","김상수"
"away458",2015-07-30,"SK","켈리","브라운","이명기","최정","정의윤","이재원","김강민","박정권","나주환","김성현"
"home458",2015-07-30,"KIA","김병현","신종길","오준혁","필","이범호","나지완","김원섭","윤완주","이홍구","박찬호"
"away459",2015-07-31,"KIA","박정수","신종길","오준혁","김주찬","필","이범호","김민우","백용환","김호령","박찬호"
"home459",2015-07-31,"한화","탈보트","이용규","강경학","김경언","김태균","정근우","이성열","조인성","장운호","주현상"
"away460",2015-07-31,"LG","김광삼","임훈","서상우","박용택","정성훈","이진영","양석환","오지환","유강남","손주인"
"home460",2015-07-31,"SK","박종훈","브라운","박정권","이명기","최정","정의윤","김강민","나주환","정상호","김성현"
"away461",2015-07-31,"롯데","박세웅","손아섭","정훈","황재균","아두치","최준석","강민호","박종윤","김주현","문규현"
"home461",2015-07-31,"kt","윤근영","오정복","이대형","마르테","김상현","박경수","장성호","윤요섭","박기혁","김민혁"
"away462",2015-07-31,"삼성","장원삼","구자욱","박해민","나바로","최형우","박석민","이승엽","박찬도","이흥련","김상수"
"home462",2015-07-31,"두산","진야곱","허경민","박건우","김현수","로메로","오재원","고영민","국해성","최재훈","김재호"
"away463",2015-07-31,"넥센","김택형","고종욱","임병욱","유한준","박병호","김민성","윤석민","스나이더","김하성","박동원"
"home463",2015-07-31,"NC","이태양","김종호","모창민","나성범","테임즈","이호준","이종욱","지석훈","손시헌","김태군"
"away464",2015-08-01,"KIA","스틴슨","신종길","김민우","김주찬","필","이범호","나지완","이홍구","김호령","박찬호"
"home464",2015-08-01,"한화","송창식","강경학","장운호","정근우","김태균","김경언","이성열","조인성","황선일","주현상"
"away465",2015-08-01,"LG","우규민","문선재","임훈","박용택","정성훈","히메네스","양석환","유강남","김영관","손주인"
"home465",2015-08-01,"SK","세든","조동화","박정권","이명기","최정","이재원","브라운","나주환","정상호","김성현"
"away466",2015-08-01,"롯데","레일리","손아섭","정훈","황재균","아두치","최준석","강민호","김주현","오승택","문규현"
"home466",2015-08-01,"kt","정대현","오정복","이대형","마르테","김상현","윤요섭","박경수","장성우","박기혁","김사연"
"away467",2015-08-01,"삼성","윤성환","구자욱","박해민","나바로","최형우","박석민","이승엽","박찬도","이지영","김상수"
"home467",2015-08-01,"두산","스와잭","허경민","박건우","김현수","로메로","오재원","오재일","국해성","최재훈","김재호"
"away468",2015-08-01,"넥센","피어밴드","고종욱","스나이더","유한준","박병호","김민성","윤석민","서건창","김하성","박동원"
"home468",2015-08-01,"NC","스튜어트","박민우","김종호","나성범","테임즈","이호준","이종욱","지석훈","손시헌","김태군"
"away469",2015-08-02,"KIA","임준혁","신종길","김민우","김주찬","필","이범호","김원섭","나지완","이홍구","박찬호"
"home469",2015-08-02,"한화","안영명","강경학","권용관","정근우","김태균","김경언","조인성","장운호","이성열","주현상"
"away470",2015-08-02,"LG","루카스","문선재","임훈","박용택","정성훈","히메네스","채은성","유강남","김영관","손주인"
"home470",2015-08-02,"SK","김광현","이명기","박정권","최정","정의윤","이재원","김강민","브라운","김연훈","김성현"
"away471",2015-08-02,"롯데","이재곤","손아섭","정훈","황재균","아두치","최준석","강민호","오승택","이우민","김대륙"
"home471",2015-08-02,"kt","옥스프링","오정복","이대형","마르테","김상현","장성우","박경수","김영환","박기혁","김민혁"
"away472",2015-08-02,"삼성","피가로","구자욱","박해민","나바로","최형우","이승엽","이지영","백상원","박찬도","김상수"
"home472",2015-08-02,"두산","장원준","민병헌","허경민","김현수","로메로","오재원","양의지","오재일","국해성","최주환"
"away473",2015-08-02,"넥센","밴헤켄","고종욱","이택근","유한준","박병호","김민성","윤석민","서건창","김하성","박동원"
"home473",2015-08-02,"NC","해커","박민우","김종호","나성범","테임즈","이호준","이종욱","지석훈","손시헌","김태군"
"away474",2015-08-04,"한화","김민우","강경학","권용관","김경언","김태균","조인성","황선일","장운호","이성열","주현상"
"home474",2015-08-04,"SK","윤희상","이명기","박정권","최정","정의윤","이재원","김강민","브라운","박계현","김성현"
"away475",2015-08-04,"KIA","양현종","신종길","김민우","김주찬","필","이범호","김원섭","백용환","김호령","박찬호"
"home475",2015-08-04,"넥센","송신영","이택근","스나이더","유한준","박병호","김민성","윤석민","박헌도","김하성","박동원"
"away476",2015-08-04,"NC","이재학","박민우","김성욱","나성범","테임즈","이호준","이종욱","지석훈","손시헌","김태군"
"home476",2015-08-04,"LG","류제국","임훈","서상우","박용택","정성훈","이진영","양석환","오지환","유강남","손주인"
"away477",2015-08-04,"두산","유희관","민병헌","허경민","김현수","로메로","오재원","양의지","홍성흔","오재일","정진호"
"home477",2015-08-04,"롯데","린드블럼","손아섭","정훈","황재균","아두치","최준석","강민호","김주현","오승택","김대륙"
"away478",2015-08-04,"삼성","차우찬","구자욱","박해민","나바로","최형우","박석민","이승엽","채태인","이흥련","김상수"
"home478",2015-08-04,"kt","저마노","오정복","이대형","마르테","김상현","장성우","박경수","윤요섭","박기혁","배병옥"
"away479",2015-08-05,"한화","탈보트","강경학","장운호","정근우","김태균","김경언","조인성","황선일","주현상","허도환"
"home479",2015-08-05,"SK","켈리","이명기","박정권","최정","정의윤","이재원","김강민","브라운","박계현","김성현"
"away480",2015-08-05,"KIA","김병현","신종길","김민우","필","나지완","이범호","김원섭","이홍구","김호령","박찬호"
"home480",2015-08-05,"넥센","문성현","고종욱","스나이더","유한준","박병호","김민성","윤석민","서건창","김하성","박동원"
"away481",2015-08-05,"NC","이민호","박민우","김종호","나성범","테임즈","이호준","이종욱","지석훈","손시헌","용덕한"
"home481",2015-08-05,"LG","이준형","임훈","문선재","박용택","정성훈","이진영","양석환","오지환","최경철","손주인"
"away482",2015-08-05,"두산","니퍼트","민병헌","박건우","김현수","로메로","오재원","양의지","홍성흔","오재일","김재호"
"home482",2015-08-05,"롯데","송승준","손아섭","정훈","황재균","아두치","최준석","강민호","박종윤","오승택","이우민"
"away483",2015-08-05,"삼성","클로이드","구자욱","박해민","나바로","최형우","박석민","이승엽","채태인","이지영","김상수"
"home483",2015-08-05,"kt","윤근영","오정복","이대형","마르테","김상현","장성우","박경수","박기혁","김종민","김진곤"
"away484",2015-08-06,"kt","엄상백","오정복","이대형","마르테","김상현","장성우","박경수","박기혁","김종민","김민혁"
"home484",2015-08-06,"KIA","에반","신종길","김호령","필","이범호","이홍구","오준혁","윤완주","백용환","박찬호"
"away485",2015-08-06,"LG","소사","임훈","문선재","박용택","정성훈","이진영","양석환","오지환","최경철","손주인"
"home485",2015-08-06,"한화","로저스","정근우","강경학","김경언","김태균","정현석","조인성","장운호","주현상","송주호"
"away486",2015-08-06,"롯데","박세웅","손아섭","정훈","황재균","아두치","최준석","강민호","박종윤","오승택","이우민"
"home486",2015-08-06,"NC","이태양","박민우","김종호","나성범","테임즈","조영훈","이종욱","지석훈","손시헌","김태군"
"away487",2015-08-06,"SK","박종훈","이명기","김성현","최정","정의윤","이재원","김강민","브라운","정상호","박계현"
"home487",2015-08-06,"삼성","장원삼","구자욱","박해민","나바로","최형우","박석민","이승엽","채태인","이흥련","백상원"
"away488",2015-08-06,"넥센","김택형","이택근","스나이더","유한준","박병호","김민성","윤석민","박헌도","김하성","박동원"
"home488",2015-08-06,"두산","허준혁","민병헌","박건우","김현수","로메로","양의지","홍성흔","오재원","허경민","김재호"
"away489",2015-08-07,"kt","옥스프링","오정복","이대형","마르테","김상현","장성우","박경수","김진곤","김종민","심우준"
"home489",2015-08-07,"KIA","스틴슨","신종길","김민우","필","이범호","김원섭","나지완","김호령","이홍구","박찬호"
"away490",2015-08-07,"LG","우규민","문선재","이진영","박용택","정성훈","서상우","양석환","오지환","유강남","손주인"
"home490",2015-08-07,"한화","송은범","정근우","강경학","김경언","김태균","정현석","조인성","김회성","주현상","장운호"
"away491",2015-08-07,"롯데","레일리","손아섭","정훈","황재균","아두치","최준석","박종윤","오승택","김준태","이우민"
"home491",2015-08-07,"NC","스튜어트","박민우","김종호","나성범","테임즈","이호준","이종욱","지석훈","손시헌","김태군"
"away492",2015-08-07,"SK","세든","이명기","박정권","이재원","최정","브라운","김강민","김성현","정상호","박계현"
"home492",2015-08-07,"삼성","윤성환","구자욱","박해민","나바로","최형우","박석민","이승엽","채태인","이지영","백상원"
"away493",2015-08-07,"넥센","피어밴드","고종욱","스나이더","유한준","박병호","김민성","윤석민","서건창","김하성","박동원"
"home493",2015-08-07,"두산","스와잭","민병헌","박건우","김현수","로메로","양의지","고영민","오재원","허경민","김재호"
"away494",2015-08-08,"KIA","임준혁","신종길","김민우","필","이범호","김원섭","나지완","백용환","김호령","박찬호"
"home494",2015-08-08,"NC","해커","박민우","김종호","나성범","테임즈","이호준","이종욱","지석훈","손시헌","김태군"
"away495",2015-08-08,"kt","정대현","오정복","이대형","마르테","김상현","장성우","박경수","박기혁","배병옥","이창진"
"home495",2015-08-08,"SK","김광현","이명기","김성현","이재원","브라운","최정","박정권","김강민","정의윤","박계현"
"away496",2015-08-08,"LG","루카스","임훈","문선재","박용택","양석환","이진영","채은성","오지환","유강남","손주인"
"home496",2015-08-08,"두산","장원준","민병헌","허경민","김현수","로메로","양의지","오재일","최주환","국해성","김재호"
"away497",2015-08-08,"롯데","이재곤","손아섭","정훈","황재균","아두치","최준석","강민호","박종윤","오승택","이우민"
"home497",2015-08-08,"한화","안영명","정근우","강경학","김경언","김태균","정현석","김회성","장운호","주현상","허도환"
"away498",2015-08-09,"KIA","양현종","신종길","김민우","필","이범호","김원섭","나지완","백용환","김호령","박찬호"
"home498",2015-08-09,"NC","이재학","박민우","김성욱","나성범","테임즈","이호준","모창민","손시헌","김태군","최재원"
"away499",2015-08-09,"kt","저마노","오정복","이대형","마르테","김상현","장성우","박경수","장성호","박기혁","김민혁"
"home499",2015-08-09,"SK","채병용","이명기","김성현","이재원","브라운","최정","박정권","김강민","정상호","최정민"
"away500",2015-08-09,"LG","류제국","임훈","정성훈","박용택","서상우","이진영","양석환","오지환","유강남","손주인"
"home500",2015-08-09,"두산","유희관","민병헌","박건우","오재원","김현수","양의지","로메로","허경민","정수빈","김재호"
"away501",2015-08-09,"롯데","린드블럼","손아섭","정훈","황재균","아두치","최준석","강민호","박종윤","오승택","이우민"
"home501",2015-08-09,"한화","배영수","정근우","강경학","김경언","김태균","정현석","김회성","장운호","조인성","주현상"
"away502",2015-08-09,"넥센","밴헤켄","김하성","고종욱","유한준","박병호","김민성","윤석민","이택근","박헌도","박동원"
"home502",2015-08-09,"삼성","차우찬","구자욱","박해민","나바로","최형우","박석민","채태인","이상훈","이흥련","백상원"
"away503",2015-08-10,"넥센","금민철","고종욱","스나이더","유한준","박병호","김민성","윤석민","서건창","김하성","박동원"
"home503",2015-08-10,"삼성","피가로","구자욱","박해민","나바로","최형우","박석민","채태인","이상훈","이흥련","백상원"
"away504",2015-08-11,"한화","로저스","정근우","강경학","김경언","김태균","정현석","김회성","조인성","장운호","주현상"
"home504",2015-08-11,"kt","윤근영","오정복","이대형","마르테","장성호","장성우","박경수","김상현","박기혁","김진곤"
"away505",2015-08-11,"NC","이민호","박민우","김종호","나성범","테임즈","이호준","이종욱","지석훈","손시헌","용덕한"
"home505",2015-08-11,"넥센","송신영","고종욱","스나이더","유한준","박병호","김민성","윤석민","서건창","김하성","박동원"
"away506",2015-08-11,"SK","켈리","이명기","박재상","최정","박정권","이재원","김강민","브라운","박계현","김성현"
"home506",2015-08-11,"롯데","송승준","손아섭","정훈","황재균","아두치","최준석","강민호","박종윤","오승택","이우민"
"away507",2015-08-11,"삼성","클로이드","구자욱","박해민","나바로","최형우","박석민","채태인","이영욱","이지영","김상수"
"home507",2015-08-11,"LG","김광삼","임훈","정성훈","박용택","서상우","이진영","양석환","오지환","유강남","손주인"
"away508",2015-08-12,"한화","송창식","정근우","강경학","김경언","김태균","정현석","최진행","정범모","권용관","장운호"
"home508",2015-08-12,"kt","주권","오정복","이대형","마르테","장성호","장성우","박경수","김상현","박기혁","김민혁"
"away509",2015-08-12,"NC","이태양","최재원","모창민","나성범","테임즈","이호준","김성욱","손시헌","지석훈","김태군"
"home509",2015-08-12,"넥센","김택형","고종욱","스나이더","유한준","박병호","김민성","윤석민","서건창","김하성","박동원"
"away510",2015-08-12,"두산","니퍼트","민병헌","정수빈","오재원","김현수","양의지","로메로","허경민","김재환","김재호"
"home510",2015-08-12,"KIA","김병현","신종길","김민우","필","이범호","김원섭","나지완","백용환","김호령","박찬호"
"away511",2015-08-12,"삼성","장원삼","구자욱","박해민","나바로","최형우","박석민","채태인","최선호","이흥련","김상수"
"home511",2015-08-12,"LG","우규민","문선재","정성훈","박용택","서상우","이진영","양석환","오지환","유강남","손주인"
"away512",2015-08-13,"한화","송은범","정근우","강경학","김경언","김태균","정현석","최진행","조인성","장운호","주현상"
"home512",2015-08-13,"넥센","피어밴드","고종욱","스나이더","유한준","박병호","김민성","이택근","서건창","김하성","김재현"
"away513",2015-08-13,"LG","루카스","임훈","정성훈","박용택","서상우","이진영","오지환","양석환","유강남","박지규"
"home513",2015-08-13,"SK","박종훈","이명기","박재상","이재원","박정권","브라운","김강민","김성현","안정광","최정민"
"away514",2015-08-13,"롯데","박세웅","정훈","이우민","황재균","아두치","최준석","강민호","박종윤","오승택","김주현"
"home514",2015-08-13,"kt","옥스프링","오정복","이대형","마르테","김상현","장성호","박경수","장성우","박기혁","김민혁"
"away515",2015-08-13,"NC","스튜어트","박민우","김종호","나성범","테임즈","이호준","이종욱","손시헌","지석훈","김태군"
"home515",2015-08-13,"두산","스와잭","허경민","정수빈","민병헌","김현수","양의지","로메로","김재환","최주환","김재호"
"away516",2015-08-13,"삼성","윤성환","구자욱","박해민","나바로","최형우","박석민","채태인","최선호","이지영","김상수"
"home516",2015-08-13,"KIA","스틴슨","신종길","윤완주","이범호","백용환","김원섭","나지완","김민우","황대인","김호령"
"away517",2015-08-14,"한화","안영명","정근우","강경학","정현석","김태균","김경언","최진행","장운호","정범모","주현상"
"home517",2015-08-14,"넥센","밴헤켄","서건창","스나이더","유한준","박병호","김민성","윤석민","이택근","김지수","박동원"
"away518",2015-08-14,"LG","이준형","임훈","정성훈","박용택","히메네스","양석환","문선재","오지환","최경철","손주인"
"home518",2015-08-14,"SK","김광현","이명기","박계현","이재원","정의윤","박정권","김강민","브라운","최정민","김성현"
"away519",2015-08-14,"롯데","이재곤","정훈","이우민","황재균","아두치","최준석","강민호","박종윤","오승택","김주현"
"home519",2015-08-14,"kt","정대현","오정복","이대형","마르테","김상현","박경수","장성우","문상철","박기혁","김진곤"
"away520",2015-08-14,"NC","해커","박민우","김종호","나성범","테임즈","이호준","이종욱","손시헌","지석훈","김태군"
"home520",2015-08-14,"두산","장원준","허경민","정수빈","민병헌","김현수","양의지","로메로","최주환","정진호","김재호"
"away521",2015-08-14,"삼성","정인욱","구자욱","박해민","나바로","최형우","박석민","채태인","최선호","이흥련","김상수"
"home521",2015-08-14,"KIA","임준혁","신종길","김민우","필","이범호","김원섭","나지완","김호령","이홍구","박찬호"
"away522",2015-08-15,"한화","김민우","정근우","강경학","최진행","김태균","김경언","정현석","권용관","조인성","장운호"
"home522",2015-08-15,"삼성","차우찬","구자욱","박해민","나바로","최형우","박석민","채태인","박한이","이흥련","김상수"
"away523",2015-08-15,"KIA","양현종","신종길","김민우","필","이범호","김원섭","나지완","김호령","백용환","박찬호"
"home523",2015-08-15,"LG","류제국","임훈","문선재","박용택","히메네스","이진영","양석환","오지환","유강남","손주인"
"away524",2015-08-15,"kt","저마노","오정복","이대형","마르테","김상현","장성우","신명철","박기혁","김영환","김민혁"
"home524",2015-08-15,"NC","이재학","이종욱","김종호","박민우","테임즈","나성범","이호준","손시헌","지석훈","김태군"
"away525",2015-08-15,"롯데","린드블럼","손아섭","이우민","황재균","아두치","최준석","강민호","박종윤","정훈","문규현"
"home525",2015-08-15,"넥센","문성현","서건창","스나이더","유한준","박병호","김민성","이택근","고종욱","김하성","박동원"
"away526",2015-08-15,"두산","허준혁","허경민","정수빈","민병헌","김현수","양의지","로메로","유민상","최주환","김재호"
"home526",2015-08-15,"SK","윤희상","김강민","박정권","이명기","정의윤","이재원","브라운","김성현","최정민","박계현"
"away527",2015-08-16,"한화","로저스","정근우","강경학","김경언","김태균","최진행","정현석","고동진","조인성","신성현"
"home527",2015-08-16,"삼성","피가로","구자욱","박해민","나바로","최형우","박석민","채태인","박한이","이지영","김상수"
"away528",2015-08-16,"kt","윤근영","오정복","이대형","마르테","김상현","장성우","박경수","김민혁","박기혁","김진곤"
"home528",2015-08-16,"NC","이민호","이종욱","김종호","박민우","테임즈","나성범","조영훈","손시헌","지석훈","용덕한"
